"Country","Jurisdiction","Current date","Outdated coding in days (avg.)","Flagged days (total)","Forgotten boxes (total)","C1: School closing","C2: Workplace closing","C3: Cancel public events","C4: Restrictions on gatherings","C5: Close public transport","C6: Stay at home requirements","C7: Restrictions on internal movement","C8: International travel controls","E1: Income support","E2: Debt/contract relief","E3: Fiscal measures","E4: International support","H1: Public information campaigns","H2: Testing policy","H3: Contact tracing","H4: Emergency investment in healthcare","H5: Investment in vaccines","H6: Facial Coverings","H7: Vaccination policy","H8: Protection of elderly people","Missing days (avg.)"
"Afghanistan","National Government",2022-05-06,11,0,"0",2022-04-25,2022-04-25,2022-04-25,2022-04-25,2022-04-25,2022-04-25,2022-04-25,2022-04-25,2022-04-25,2022-04-25,2021-08-08,2021-08-08,2022-04-25,2022-04-25,2022-04-25,2021-08-08,2022-04-25,2022-04-25,2022-04-25,2022-04-25,11
"Albania","National Government",2022-05-06,2,0,"0",2022-05-04,2022-05-04,2022-05-04,2022-05-04,2022-05-04,2022-05-04,2022-05-04,2022-05-04,2022-05-04,2022-05-04,2021-08-13,2021-08-13,2022-05-04,2022-05-04,2022-05-04,2021-08-13,2022-03-14,2022-05-04,2022-05-04,2022-05-04,2
"Algeria","National Government",2022-05-06,11,0,"0",2022-04-25,2022-04-25,2022-04-25,2022-04-25,2022-04-25,2022-04-25,2022-04-25,2022-04-25,2022-04-25,2022-04-25,2021-07-12,2021-07-12,2022-04-25,2022-04-25,2022-04-25,2021-07-12,2022-04-25,2022-04-25,2022-04-25,2022-04-25,11
"Andorra","National Government",2022-05-06,4,0,"0",2022-05-02,2022-05-02,2022-05-02,2022-05-02,2022-05-02,2022-05-02,2022-05-02,2022-05-02,2022-05-02,2022-05-02,2021-08-02,2021-08-02,2022-05-02,2022-05-02,2022-05-02,2021-08-02,2022-05-02,2022-05-02,2022-05-02,2022-05-02,4
"Angola","National Government",2022-05-06,4,1,"0",2022-05-02,2022-05-02,2022-05-02,2022-05-02,2022-05-02,2022-05-02,2022-05-02,2022-05-02,2022-05-02,2022-05-02,2021-07-27,2021-07-27,2022-05-02,2022-05-02,2022-05-02,2021-07-27,2022-04-08,2022-05-02,2022-05-02,2022-05-02,4
"Argentina","National Government",2022-05-06,18,0,"0",2022-04-18,2022-04-18,2022-04-18,2022-04-18,2022-04-18,2022-04-18,2022-04-18,2022-04-18,2022-04-18,2022-04-18,2021-08-16,2021-08-16,2022-04-18,2022-04-18,2022-04-18,2021-08-16,2022-04-18,2022-04-18,2022-04-18,2022-04-18,18
"Aruba","National Government",2022-05-06,12,1,"0",2022-04-24,2022-04-24,2022-04-24,2022-04-24,2022-04-24,2022-04-24,2022-04-24,2022-04-24,2022-04-24,2022-04-24,2021-08-03,2021-08-03,2022-04-24,2022-04-24,2022-04-24,2021-08-03,2022-04-24,2022-04-24,2022-04-24,2022-04-24,12
"Australia","Australian Capital Territory",2022-05-06,17,0,"145",2022-04-19,2022-04-19,2022-04-19,2022-04-19,2022-04-19,2022-04-19,2022-04-19,2022-04-19,2022-04-19,2022-04-19,2021-02-28,2021-02-28,2022-04-19,2022-04-19,2022-04-19,2021-02-28,2022-03-25,2022-04-19,2022-04-19,2022-04-19,26.0625
"Australia","Queensland",2022-05-06,17,0,"7",2022-04-19,2022-04-19,2022-04-19,2022-04-19,2022-04-19,2022-04-19,2022-04-19,2022-04-19,2022-04-19,2022-04-19,2021-01-31,2021-01-31,2022-04-19,2022-04-19,2022-04-19,2021-01-31,2021-01-31,2022-04-19,2022-04-19,2022-04-19,17.4375
"Australia","Northern Territory",2022-05-06,16,0,"79",2022-04-20,2022-04-20,2022-04-20,2022-04-20,2022-04-20,2022-04-20,2022-04-20,2022-04-20,2022-04-20,2022-04-20,2021-04-16,2021-04-16,2022-04-20,2022-04-20,2022-04-20,2021-04-16,2021-04-16,2022-04-20,2022-04-20,2022-04-20,20.9375
"Australia","New South Wales",2022-05-06,9,0,"9",2022-04-27,2022-04-27,2022-04-27,2022-04-27,2022-04-27,2022-04-27,2022-04-27,2022-04-27,2022-04-27,2022-04-27,-Inf,-Inf,2022-04-27,2022-04-27,2022-04-27,2021-02-18,2022-03-07,2022-04-27,2022-04-27,2022-04-27,9.5625
"Australia","South Australia",2022-05-06,9,0,"7",2022-04-27,2022-04-27,2022-04-27,2022-04-27,2022-04-27,2022-04-27,2022-04-27,2022-04-27,2022-04-27,2022-04-27,-Inf,-Inf,2022-04-27,2022-04-27,2022-04-27,-Inf,-Inf,2022-04-27,2022-04-27,2022-04-27,9.4375
"Australia","Tasmania",2022-05-06,9,0,"53",2022-04-27,2022-04-27,2022-04-27,2022-04-27,2022-04-27,2022-04-27,2022-04-27,2022-04-27,2022-04-27,2022-04-27,2021-03-31,2021-03-31,2022-04-27,2022-04-27,2022-04-27,2021-03-31,2021-03-31,2022-04-27,2022-04-27,2022-04-27,12.3125
"Australia","Victoria",2022-05-06,9,0,"122",2022-04-27,2022-04-27,2022-04-27,2022-04-27,2022-04-27,2022-04-27,2022-04-27,2022-04-27,2022-04-27,2022-04-27,2021-02-14,2021-02-14,2022-04-27,2022-04-27,2022-04-27,2021-02-14,2022-01-21,2022-04-27,2022-04-27,2022-04-27,16.625
"Australia","Western Australia",2022-05-06,9,0,"154",2022-04-27,2022-04-27,2022-04-27,2022-04-27,2022-04-27,2022-04-27,2022-04-27,2022-04-27,2022-04-27,2022-04-27,-Inf,-Inf,2022-04-27,2022-04-27,2022-04-27,-Inf,-Inf,2022-04-27,2022-04-27,2022-04-27,18.625
"Australia","National Government",2022-05-06,3,0,"0",2022-05-03,2022-05-03,2022-05-03,2022-05-03,2022-05-03,2022-05-03,2022-05-03,2022-05-03,2022-05-03,2022-05-03,2021-08-13,2021-08-13,2022-05-03,2022-05-03,2022-05-03,2021-08-13,2022-05-03,2022-05-03,2022-05-03,2022-05-03,3
"Austria","National Government",2022-05-06,4,0,"63",2022-05-02,2022-05-02,2022-05-02,2022-05-02,2022-05-02,2022-05-02,2022-05-02,2022-05-02,2022-05-02,2022-05-02,2021-08-13,2021-08-13,2022-05-02,2022-05-02,2022-05-02,2021-08-13,2022-05-02,2022-05-02,2022-05-02,2022-05-02,7.9375
"Azerbaijan","National Government",2022-05-06,5.75,3,"0",2022-05-02,2022-04-30,2022-04-30,2022-04-30,2022-04-30,2022-04-30,2022-04-30,2022-04-30,2022-04-30,2022-04-30,2021-08-17,2021-08-17,2022-04-30,2022-04-30,2022-04-30,2021-08-17,2022-04-30,2022-05-02,2022-04-30,2022-04-30,5.75
"Bahamas","National Government",2022-05-06,4,0,"0",2022-05-02,2022-05-02,2022-05-02,2022-05-02,2022-05-02,2022-05-02,2022-05-02,2022-05-02,2022-05-02,2022-05-02,2021-08-01,2021-08-01,2022-05-02,2022-05-02,2022-05-02,2021-08-01,2022-05-02,2022-05-02,2022-05-02,2022-05-02,4
"Bahrain","National Government",2022-05-06,11,1,"16",2022-04-25,2022-04-25,2022-04-25,2022-04-25,2022-04-25,2022-04-25,2022-04-25,2022-04-25,2022-04-25,2022-04-25,2021-08-16,2021-08-16,2022-04-25,2022-04-25,2022-04-25,2021-08-16,2022-04-03,2022-04-25,2022-04-25,2022-04-25,12
"Bangladesh","National Government",2022-05-06,25,0,"0",2022-04-11,2022-04-11,2022-04-11,2022-04-11,2022-04-11,2022-04-11,2022-04-11,2022-04-11,2022-04-11,2022-04-11,2021-07-28,2021-07-28,2022-04-11,2022-04-11,2022-04-11,2021-07-22,2022-04-11,2022-04-11,2022-04-11,2022-04-11,25
"Barbados","National Government",2022-05-06,4,0,"0",2022-05-02,2022-05-02,2022-05-02,2022-05-02,2022-05-02,2022-05-02,2022-05-02,2022-05-02,2022-05-02,2022-05-02,2021-08-16,2021-08-16,2022-05-02,2022-05-02,2022-05-02,2021-08-16,2022-03-28,2022-05-02,2022-05-02,2022-05-02,4
"Belarus","National Government",2022-05-06,4,0,"0",2022-05-02,2022-05-02,2022-05-02,2022-05-02,2022-05-02,2022-05-02,2022-05-02,2022-05-02,2022-05-02,2022-05-02,2021-08-16,2021-08-16,2022-05-02,2022-05-02,2022-05-02,2021-08-16,2022-05-02,2022-05-02,2022-05-02,2022-05-02,4
"Belgium","National Government",2022-05-06,7,0,"0",2022-04-29,2022-04-29,2022-04-29,2022-04-29,2022-04-29,2022-04-29,2022-04-29,2022-04-29,2022-04-29,2022-04-29,2021-08-16,2021-08-16,2022-04-29,2022-04-29,2022-04-29,2021-08-16,2022-04-29,2022-04-29,2022-04-29,2022-04-29,7
"Belize","National Government",2022-05-06,36.125,0,"0",2022-04-01,2022-04-01,2022-04-01,2022-04-01,2022-04-01,2022-04-01,2022-04-01,2022-04-01,2022-04-01,2022-04-01,2021-08-09,2021-08-09,2022-04-01,2022-04-01,2022-03-14,2021-08-09,2022-04-01,2022-04-01,2022-04-01,2022-04-01,36.125
"Benin","National Government",2022-05-06,5.5,0,"0",2022-04-30,2022-04-30,2022-04-30,2022-04-30,2022-04-30,2022-04-30,2022-04-30,2022-04-30,2022-05-01,2022-05-01,2021-08-15,2021-08-15,2022-05-01,2022-05-01,2022-05-01,2021-08-15,2022-05-01,2022-05-01,2022-05-01,2022-05-01,5.5
"Bermuda","National Government",2022-05-06,11,0,"0",2022-04-25,2022-04-25,2022-04-25,2022-04-25,2022-04-25,2022-04-25,2022-04-25,2022-04-25,2022-04-25,2022-04-25,2021-08-02,2021-08-02,2022-04-25,2022-04-25,2022-04-25,2021-08-02,2022-04-25,2022-04-25,2022-04-25,2022-04-25,11
"Bhutan","National Government",2022-05-06,18,3,"0",2022-04-18,2022-04-18,2022-04-18,2022-04-18,2022-04-18,2022-04-18,2022-04-18,2022-04-18,2022-04-18,2022-04-18,2021-08-09,2021-08-09,2022-04-18,2022-04-18,2022-04-18,2021-08-09,2022-04-18,2022-04-18,2022-04-18,2022-04-18,18
"Bolivia","National Government",2022-05-06,12,0,"0",2022-04-24,2022-04-24,2022-04-24,2022-04-24,2022-04-24,2022-04-24,2022-04-24,2022-04-24,2022-04-24,2022-04-24,2021-07-26,2021-07-26,2022-04-24,2022-04-24,2022-04-24,2021-07-26,2022-04-24,2022-04-24,2022-04-24,2022-04-24,12
"Bosnia and Herzegovina","National Government",2022-05-06,5,1,"0",2022-05-01,2022-05-01,2022-05-01,2022-05-01,2022-05-01,2022-05-01,2022-05-01,2022-05-01,2022-05-01,2022-05-01,2021-08-17,2021-08-17,2022-05-01,2022-05-01,2022-05-01,2021-08-17,2022-03-27,2022-05-01,2022-05-01,2022-05-01,5
"Botswana","National Government",2022-05-06,18,0,"0",2022-04-18,2022-04-18,2022-04-18,2022-04-18,2022-04-18,2022-04-18,2022-04-18,2022-04-18,2022-04-18,2022-04-18,2021-08-09,2021-08-09,2022-04-18,2022-04-18,2022-04-18,2021-08-09,2022-04-18,2022-04-18,2022-04-18,2022-04-18,18
"Brazil","Distrito Federal",2022-05-06,Inf,0,"-Inf",-Inf,-Inf,-Inf,-Inf,-Inf,-Inf,-Inf,-Inf,-Inf,-Inf,-Inf,-Inf,-Inf,-Inf,-Inf,-Inf,-Inf,-Inf,-Inf,-Inf,857
"Brazil","Santa Catarina",2022-05-06,481.625,0,"72",2020-12-29,2020-12-29,2020-12-29,2020-12-29,2020-12-29,2020-12-29,2020-12-29,2020-12-29,2020-12-29,2020-12-29,-Inf,-Inf,2020-12-29,2021-03-29,2020-12-29,-Inf,-Inf,2020-12-29,2021-04-02,2020-12-27,486.125
"Brazil","Minas Gerais",2022-05-06,66.6875,0,"73",2022-03-01,2022-03-01,2022-03-01,2022-03-01,2022-03-01,2022-03-01,2022-03-01,2022-03-01,2022-03-01,2022-02-25,-Inf,-Inf,2022-03-01,2022-03-01,2022-03-01,-Inf,-Inf,2022-03-01,2022-02-22,2022-03-01,71.25
"Brazil","Acre",2022-05-06,66.25,0,"2",2022-03-01,2022-03-01,2022-03-01,2022-03-01,2022-03-01,2022-03-01,2022-03-01,2022-03-01,2022-03-01,2022-02-25,-Inf,-Inf,2022-03-01,2022-03-01,2022-03-01,-Inf,-Inf,2022-03-01,2022-03-01,2022-03-01,66.375
"Brazil","Alagoas",2022-05-06,66.25,0,"63",2022-03-01,2022-03-01,2022-03-01,2022-03-01,2022-03-01,2022-03-01,2022-03-01,2022-03-01,2022-03-01,2022-02-25,-Inf,-Inf,2022-03-01,2022-03-01,2022-03-01,-Inf,-Inf,2022-03-01,2022-03-01,2022-03-01,70.1875
"Brazil","Amazonas",2022-05-06,66.25,0,"1",2022-03-01,2022-03-01,2022-03-01,2022-03-01,2022-03-01,2022-03-01,2022-03-01,2022-03-01,2022-03-01,2022-02-25,-Inf,-Inf,2022-03-01,2022-03-01,2022-03-01,-Inf,-Inf,2022-03-01,2022-03-01,2022-03-01,66.3125
"Brazil","Amapa",2022-05-06,66.25,0,"1",2022-03-01,2022-03-01,2022-03-01,2022-03-01,2022-03-01,2022-03-01,2022-03-01,2022-03-01,2022-03-01,2022-02-25,-Inf,-Inf,2022-03-01,2022-03-01,2022-03-01,-Inf,-Inf,2022-03-01,2022-03-01,2022-03-01,66.3125
"Brazil","Bahia",2022-05-06,66.25,0,"1",2022-03-01,2022-03-01,2022-03-01,2022-03-01,2022-03-01,2022-03-01,2022-03-01,2022-03-01,2022-03-01,2022-02-25,-Inf,-Inf,2022-03-01,2022-03-01,2022-03-01,-Inf,-Inf,2022-03-01,2022-03-01,2022-03-01,66.3125
"Brazil","Ceara",2022-05-06,66.25,0,"1",2022-03-01,2022-03-01,2022-03-01,2022-03-01,2022-03-01,2022-03-01,2022-03-01,2022-03-01,2022-03-01,2022-02-25,-Inf,-Inf,2022-03-01,2022-03-01,2022-03-01,-Inf,-Inf,2022-03-01,2022-03-01,2022-03-01,66.3125
"Brazil","Espirito Santo",2022-05-06,66.25,0,"3",2022-03-01,2022-03-01,2022-03-01,2022-03-01,2022-03-01,2022-03-01,2022-03-01,2022-03-01,2022-03-01,2022-02-25,-Inf,-Inf,2022-03-01,2022-03-01,2022-03-01,-Inf,-Inf,2022-03-01,2022-03-01,2022-03-01,66.4375
"Brazil","Goias",2022-05-06,66.25,0,"1",2022-03-01,2022-03-01,2022-03-01,2022-03-01,2022-03-01,2022-03-01,2022-03-01,2022-03-01,2022-03-01,2022-02-25,-Inf,-Inf,2022-03-01,2022-03-01,2022-03-01,-Inf,-Inf,2022-03-01,2022-03-01,2022-03-01,66.3125
"Brazil","Maranhao",2022-05-06,66.25,0,"7",2022-03-01,2022-03-01,2022-03-01,2022-03-01,2022-03-01,2022-03-01,2022-03-01,2022-03-01,2022-03-01,2022-02-25,-Inf,-Inf,2022-03-01,2022-03-01,2022-03-01,-Inf,-Inf,2022-03-01,2022-03-01,2022-03-01,66.6875
"Brazil","Mato Grosso do Sul",2022-05-06,66.25,0,"21",2022-03-01,2022-03-01,2022-03-01,2022-03-01,2022-03-01,2022-03-01,2022-03-01,2022-03-01,2022-03-01,2022-02-25,-Inf,-Inf,2022-03-01,2022-03-01,2022-03-01,-Inf,-Inf,2022-03-01,2022-03-01,2022-03-01,67.5625
"Brazil","Mato Grosso",2022-05-06,66.25,0,"3",2022-03-01,2022-03-01,2022-03-01,2022-03-01,2022-03-01,2022-03-01,2022-03-01,2022-03-01,2022-03-01,2022-02-25,-Inf,-Inf,2022-03-01,2022-03-01,2022-03-01,-Inf,-Inf,2022-03-01,2022-03-01,2022-03-01,66.4375
"Brazil","Para",2022-05-06,66.25,0,"2",2022-03-01,2022-03-01,2022-03-01,2022-03-01,2022-03-01,2022-03-01,2022-03-01,2022-03-01,2022-03-01,2022-02-25,-Inf,-Inf,2022-03-01,2022-03-01,2022-03-01,-Inf,-Inf,2022-03-01,2022-03-01,2022-03-01,66.375
"Brazil","Paraiba",2022-05-06,66.25,0,"1",2022-03-01,2022-03-01,2022-03-01,2022-03-01,2022-03-01,2022-03-01,2022-03-01,2022-03-01,2022-03-01,2022-02-25,-Inf,-Inf,2022-03-01,2022-03-01,2022-03-01,-Inf,-Inf,2022-03-01,2022-03-01,2022-03-01,66.3125
"Brazil","Pernambuco",2022-05-06,66.25,0,"1",2022-03-01,2022-03-01,2022-03-01,2022-03-01,2022-03-01,2022-03-01,2022-03-01,2022-03-01,2022-03-01,2022-02-25,-Inf,-Inf,2022-03-01,2022-03-01,2022-03-01,-Inf,-Inf,2022-03-01,2022-03-01,2022-03-01,66.3125
"Brazil","Piaui",2022-05-06,66.25,0,"1",2022-03-01,2022-03-01,2022-03-01,2022-03-01,2022-03-01,2022-03-01,2022-03-01,2022-03-01,2022-03-01,2022-02-25,-Inf,-Inf,2022-03-01,2022-03-01,2022-03-01,-Inf,-Inf,2022-03-01,2022-03-01,2022-03-01,66.3125
"Brazil","Parana",2022-05-06,66.25,0,"2",2022-03-01,2022-03-01,2022-03-01,2022-03-01,2022-03-01,2022-03-01,2022-03-01,2022-03-01,2022-03-01,2022-02-25,-Inf,-Inf,2022-03-01,2022-03-01,2022-03-01,-Inf,-Inf,2022-03-01,2022-03-01,2022-03-01,66.375
"Brazil","Rio de Janeiro",2022-05-06,66.25,0,"28",2022-03-01,2022-03-01,2022-03-01,2022-03-01,2022-03-01,2022-03-01,2022-03-01,2022-03-01,2022-03-01,2022-02-25,-Inf,-Inf,2022-03-01,2022-03-01,2022-03-01,-Inf,-Inf,2022-03-01,2022-03-01,2022-03-01,68
"Brazil","Rio Grande do Norte",2022-05-06,66.25,0,"72",2022-03-01,2022-03-01,2022-03-01,2022-03-01,2022-03-01,2022-03-01,2022-03-01,2022-03-01,2022-03-01,2022-02-25,-Inf,-Inf,2022-03-01,2022-03-01,2022-03-01,-Inf,-Inf,2022-03-01,2022-03-01,2022-03-01,70.75
"Brazil","Rondonia",2022-05-06,66.25,0,"1",2022-03-01,2022-03-01,2022-03-01,2022-03-01,2022-03-01,2022-03-01,2022-03-01,2022-03-01,2022-03-01,2022-02-25,-Inf,-Inf,2022-03-01,2022-03-01,2022-03-01,-Inf,-Inf,2022-03-01,2022-03-01,2022-03-01,66.3125
"Brazil","Roraima",2022-05-06,66.25,0,"1",2022-03-01,2022-03-01,2022-03-01,2022-03-01,2022-03-01,2022-03-01,2022-03-01,2022-03-01,2022-03-01,2022-02-25,-Inf,-Inf,2022-03-01,2022-03-01,2022-03-01,-Inf,-Inf,2022-03-01,2022-03-01,2022-03-01,66.3125
"Brazil","Rio Grande do Sul",2022-05-06,66.25,0,"2",2022-03-01,2022-03-01,2022-03-01,2022-03-01,2022-03-01,2022-03-01,2022-03-01,2022-03-01,2022-03-01,2022-02-25,-Inf,-Inf,2022-03-01,2022-03-01,2022-03-01,-Inf,-Inf,2022-03-01,2022-03-01,2022-03-01,66.375
"Brazil","Sergipe",2022-05-06,66.25,0,"5",2022-03-01,2022-03-01,2022-03-01,2022-03-01,2022-03-01,2022-03-01,2022-03-01,2022-03-01,2022-03-01,2022-02-25,-Inf,-Inf,2022-03-01,2022-03-01,2022-03-01,-Inf,-Inf,2022-03-01,2022-03-01,2022-03-01,66.5625
"Brazil","Sao Paulo",2022-05-06,66.25,0,"4",2022-03-01,2022-03-01,2022-03-01,2022-03-01,2022-03-01,2022-03-01,2022-03-01,2022-03-01,2022-03-01,2022-02-25,-Inf,-Inf,2022-03-01,2022-03-01,2022-03-01,-Inf,-Inf,2022-03-01,2022-03-01,2022-03-01,66.5
"Brazil","Tocantins",2022-05-06,66.25,0,"3",2022-03-01,2022-03-01,2022-03-01,2022-03-01,2022-03-01,2022-03-01,2022-03-01,2022-03-01,2022-03-01,2022-02-25,-Inf,-Inf,2022-03-01,2022-03-01,2022-03-01,-Inf,-Inf,2022-03-01,2022-03-01,2022-03-01,66.4375
"Brazil","National Government",2022-05-06,25.125,0,"0",2022-04-11,2022-04-11,2022-04-11,2022-04-11,2022-04-11,2022-04-11,2022-04-11,2022-04-11,2022-04-10,2022-04-10,2021-06-21,2021-06-21,2022-04-11,2022-04-11,2022-04-11,2021-06-21,2022-04-11,2022-04-11,2022-04-11,2022-04-11,25.125
"Brunei","National Government",2022-05-06,14,0,"0",2022-04-22,2022-04-22,2022-04-22,2022-04-22,2022-04-22,2022-04-22,2022-04-22,2022-04-22,2022-04-22,2022-04-22,2021-08-12,2021-08-12,2022-04-22,2022-04-22,2022-04-22,2021-08-12,2022-04-22,2022-04-22,2022-04-22,2022-04-22,14
"Bulgaria","National Government",2022-05-06,4,0,"0",2022-05-02,2022-05-02,2022-05-02,2022-05-02,2022-05-02,2022-05-02,2022-05-02,2022-05-02,2022-05-02,2022-05-02,2021-08-03,2021-08-03,2022-05-02,2022-05-02,2022-05-02,2021-08-03,2022-05-02,2022-05-02,2022-05-02,2022-05-02,4
"Burkina Faso","National Government",2022-05-06,5,0,"0",2022-05-01,2022-05-01,2022-05-01,2022-05-01,2022-05-01,2022-05-01,2022-05-01,2022-05-01,2022-05-01,2022-05-01,2021-08-16,2021-08-16,2022-05-01,2022-05-01,2022-05-01,2021-08-16,2022-05-01,2022-05-01,2022-05-01,2022-05-01,5
"Burundi","National Government",2022-05-06,4,0,"0",2022-05-02,2022-05-02,2022-05-02,2022-05-02,2022-05-02,2022-05-02,2022-05-02,2022-05-02,2022-05-02,2022-05-02,2021-08-16,2021-08-16,2022-05-02,2022-05-02,2022-05-02,2021-08-16,2022-05-02,2022-05-02,2022-05-02,2022-05-02,4
"Cambodia","National Government",2022-05-06,18,2,"0",2022-04-18,2022-04-18,2022-04-18,2022-04-18,2022-04-18,2022-04-18,2022-04-18,2022-04-18,2022-04-18,2022-04-18,2021-08-14,2021-08-14,2022-04-18,2022-04-18,2022-04-18,2021-08-14,2022-04-18,2022-04-18,2022-04-18,2022-04-18,18
"Cameroon","National Government",2022-05-06,4,0,"0",2022-05-02,2022-05-02,2022-05-02,2022-05-02,2022-05-02,2022-05-02,2022-05-02,2022-05-02,2022-05-02,2022-05-02,2021-08-14,2021-08-14,2022-05-02,2022-05-02,2022-05-02,2021-08-14,2022-05-02,2022-05-02,2022-05-02,2022-05-02,4
"Canada","Nunavut",2022-05-06,74.875,0,"13",2022-02-20,2022-02-20,2022-02-20,2022-02-20,2022-02-20,2022-02-20,2022-02-20,2022-02-22,2022-02-20,2022-02-20,2021-08-03,2021-08-03,2022-02-20,2022-02-20,2022-02-20,2021-08-03,2022-02-20,2022-02-20,2022-02-20,2022-02-20,75.6875
"Canada","Quebec",2022-05-06,52,0,"13",2022-03-15,2022-03-15,2022-03-15,2022-03-15,2022-03-15,2022-03-15,2022-03-15,2022-03-15,2022-03-15,2022-03-15,2021-07-06,2021-07-06,2022-03-15,2022-03-15,2022-03-15,2021-07-06,2022-03-15,2022-03-15,2022-03-15,2022-03-15,52.8125
"Canada","New Brunswick",2022-05-06,41.5625,5,"157",2022-03-13,2022-04-20,2022-04-20,2022-04-20,2022-03-13,2022-04-20,2022-03-13,2022-03-13,2022-03-13,2022-03-13,2021-08-15,2021-08-15,2022-04-05,2022-04-05,2022-03-13,2021-08-15,2022-03-13,2022-03-14,2022-03-13,2022-03-13,51.375
"Canada","Nova Scotia",2022-05-06,40,0,"13",2022-03-27,2022-03-27,2022-03-27,2022-03-27,2022-03-27,2022-03-27,2022-03-27,2022-03-27,2022-03-27,2022-03-27,2021-08-16,2021-08-16,2022-03-27,2022-03-27,2022-03-27,2021-08-16,2022-03-27,2022-03-27,2022-03-27,2022-03-27,40.8125
"Canada","Newfoundland and Labrador",2022-05-06,34.4375,7,"62",2022-04-25,2022-03-31,2022-03-31,2022-03-31,2022-03-31,2022-03-31,2022-03-31,2022-03-31,2022-03-31,2022-03-31,2021-08-15,2021-08-15,2022-03-31,2022-03-31,2022-03-31,2021-08-15,2022-03-31,2022-03-31,2022-03-31,2022-03-31,38.3125
"Canada","Prince Edward Island",2022-05-06,25,0,"40",2022-04-11,2022-04-11,2022-04-11,2022-04-11,2022-04-11,2022-04-11,2022-04-11,2022-04-11,2022-04-11,2022-04-11,2021-07-23,2021-07-23,2022-04-11,2022-04-11,2022-04-11,2021-07-23,2022-04-11,2022-04-11,2022-04-11,2022-04-11,27.5
"Canada","Saskatchewan",2022-05-06,24.125,0,"258",2022-04-18,2022-04-18,2022-04-18,2022-04-18,2022-04-18,2022-04-18,2022-04-18,2022-04-18,2022-02-28,2022-02-28,2021-07-13,2021-07-13,2022-04-18,2022-04-18,2022-04-18,2021-06-14,2022-04-18,2022-04-18,2022-04-18,2022-04-18,40.25
"Canada","Yukon",2022-05-06,15.8125,0,"13",2022-04-22,2022-04-22,2022-04-22,2022-04-22,2022-04-22,2022-04-22,2022-04-22,2022-03-24,2022-04-22,2022-04-22,2021-08-04,2021-08-04,2022-04-22,2022-04-22,2022-04-22,2021-08-04,2022-04-22,2022-04-22,2022-04-22,2022-04-22,16.625
"Canada","British Columbia",2022-05-06,5,7,"13",2022-05-01,2022-05-01,2022-05-01,2022-05-01,2022-05-01,2022-05-01,2022-05-01,2022-05-01,2022-05-01,2022-05-01,2021-08-16,2021-08-16,2022-05-01,2022-05-01,2022-05-01,2021-08-16,2021-08-22,2022-05-01,2022-05-01,2022-05-01,5.8125
"Canada","Manitoba",2022-05-06,4.75,0,"253",2022-05-01,2022-05-01,2022-05-01,2022-05-01,2022-05-01,2022-05-02,2022-05-02,2022-05-01,2022-05-01,2022-05-01,2021-08-16,2021-08-16,2022-05-01,2022-05-02,2022-05-01,2021-08-16,2022-05-01,2022-05-01,2022-05-01,2022-05-02,20.5625
"Canada","National Government",2022-05-06,4,2,"0",2022-05-02,2022-05-02,2022-05-02,2022-05-02,2022-05-02,2022-05-02,2022-05-02,2022-05-02,2022-05-02,2022-05-02,2021-08-13,2021-08-13,2022-05-02,2022-05-02,2022-05-02,2021-08-13,2022-05-02,2022-05-02,2022-05-02,2022-05-02,4
"Canada","Alberta",2022-05-06,4,0,"26",2022-05-02,2022-05-02,2022-05-02,2022-05-02,2022-05-02,2022-05-02,2022-05-02,2022-05-02,2022-05-02,2022-05-02,2021-08-16,2021-08-16,2022-05-02,2022-05-02,2022-05-02,2021-08-16,2022-05-02,2022-05-02,2022-05-02,2022-05-02,5.625
"Canada","Northwest Territories",2022-05-06,3,0,"44",2022-05-03,2022-05-03,2022-05-03,2022-05-03,2022-05-03,2022-05-03,2022-05-03,2022-05-03,2022-05-03,2022-05-03,2021-08-15,2021-08-15,2022-05-03,2022-05-03,2022-05-03,2021-08-15,2022-05-03,2022-05-03,2022-05-03,2022-05-03,5.75
"Canada","Ontario",2022-05-06,2,0,"20",2022-05-04,2022-05-04,2022-05-04,2022-05-04,2022-05-04,2022-05-04,2022-05-04,2022-05-04,2022-05-04,2022-05-04,2021-06-21,2021-06-21,2022-05-04,2022-05-04,2022-05-04,2021-07-24,2022-05-04,2022-05-04,2022-05-04,2022-05-04,3.25
"Cape Verde","National Government",2022-05-06,11,0,"0",2022-04-25,2022-04-25,2022-04-25,2022-04-25,2022-04-25,2022-04-25,2022-04-25,2022-04-25,2022-04-25,2022-04-25,2021-07-12,2021-07-12,2022-04-25,2022-04-25,2022-04-25,2021-07-12,2022-04-25,2022-04-25,2022-04-25,2022-04-25,11
"Central African Republic","National Government",2022-05-06,7,0,"0",2022-04-29,2022-04-29,2022-04-29,2022-04-29,2022-04-29,2022-04-29,2022-04-29,2022-04-29,2022-04-29,2022-04-29,2021-08-09,2021-08-09,2022-04-29,2022-04-29,2022-04-29,2021-08-09,2022-04-29,2022-04-29,2022-04-29,2022-04-29,7
"Chad","National Government",2022-05-06,21,0,"0",2022-04-15,2022-04-15,2022-04-15,2022-04-15,2022-04-15,2022-04-15,2022-04-15,2022-04-15,2022-04-15,2022-04-15,2021-08-09,2021-08-09,2022-04-15,2022-04-15,2022-04-15,2021-08-09,2022-04-15,2022-04-15,2022-04-15,2022-04-15,21
"Chile","National Government",2022-05-06,6,0,"0",2022-04-30,2022-04-30,2022-04-30,2022-04-30,2022-04-30,2022-04-30,2022-04-30,2022-04-30,2022-04-30,2022-04-30,2021-08-15,2021-08-15,2022-04-30,2022-04-30,2022-04-30,2021-08-15,2022-04-17,2022-04-30,2022-04-30,2022-04-30,6
"China","National Government",2022-05-06,26,1,"0",2022-04-10,2022-04-10,2022-04-10,2022-04-10,2022-04-10,2022-04-10,2022-04-10,2022-04-10,2022-04-10,2022-04-10,2021-07-19,2021-07-19,2022-04-10,2022-04-10,2022-04-10,2021-07-19,2022-04-10,2022-04-10,2022-04-10,2022-04-10,26
"China","Shanghai",2022-05-06,24.125,0,"19",2022-04-14,2022-04-14,2022-04-14,2022-04-14,2022-04-14,2022-04-14,2022-04-14,2022-04-14,2022-04-14,2022-03-11,2021-08-16,2021-08-16,2022-04-14,2022-04-14,2022-04-14,2021-08-16,2022-03-11,2022-04-14,2022-04-14,2022-04-14,25.3125
"China","Jiangxi",2022-05-06,20.0625,0,"27",2022-04-19,2022-04-19,2022-04-19,2022-04-19,2022-04-26,2022-04-19,2022-04-19,2022-04-19,2022-04-12,2022-04-12,2021-08-16,2021-08-16,2022-04-12,2022-04-12,2022-04-12,2021-08-16,2022-02-15,2022-04-12,2022-04-12,2022-04-12,21.75
"China","Jiangsu",2022-05-06,18,0,"15",2022-04-18,2022-04-18,2022-04-18,2022-04-18,2022-04-18,2022-04-18,2022-04-18,2022-04-18,2022-04-18,2022-04-18,2021-08-16,2021-08-16,2022-04-18,2022-04-18,2022-04-18,2021-08-16,2022-04-18,2022-04-18,2022-04-18,2022-04-18,18.9375
"China","Shandong",2022-05-06,14.25,0,"13",2022-04-23,2022-04-23,2022-04-23,2022-04-23,2022-04-23,2022-04-23,2022-04-23,2022-04-23,2022-04-23,2022-04-23,2021-08-15,2021-08-15,2022-04-23,2022-04-23,2022-04-03,2021-08-15,2022-04-23,2022-04-23,2022-04-23,2022-04-23,15.0625
"China","Ningxia",2022-05-06,14,0,"13",2022-04-22,2022-04-22,2022-04-22,2022-04-22,2022-04-22,2022-04-22,2022-04-22,2022-04-22,2022-04-22,2022-04-22,2021-08-16,2021-08-16,2022-04-22,2022-04-22,2022-04-22,2021-08-16,2021-11-24,2022-04-22,2022-04-22,2022-04-22,14.8125
"China","Hubei",2022-05-06,13.5,0,"13",2022-04-23,2022-04-23,2022-04-23,2022-04-23,2022-04-23,2022-04-23,2022-04-23,2022-04-23,2022-04-23,2022-04-23,2021-08-16,2021-08-16,2022-04-23,2022-04-23,2022-04-23,2021-08-16,2022-04-23,2022-04-15,2022-04-23,2022-04-23,14.3125
"China","Liaoning",2022-05-06,12.625,0,"38",2022-04-26,2022-04-26,2022-05-02,2022-05-02,2022-04-29,2022-04-19,2022-04-29,2022-04-29,2022-04-19,2022-04-19,2021-08-16,2021-08-16,2022-04-19,2022-04-19,2022-04-19,2021-08-16,2022-04-19,2022-04-19,2022-04-19,2022-04-19,15
"China","Tibet",2022-05-06,12,0,"13",2022-04-24,2022-04-24,2022-04-24,2022-04-24,2022-04-24,2022-04-24,2022-04-24,2022-04-24,2022-04-24,2022-04-24,2021-08-16,2021-08-16,2022-04-24,2022-04-24,2022-04-24,2021-08-16,2022-04-24,2022-04-24,2022-04-24,2022-04-24,12.8125
"China","Shaanxi",2022-05-06,11.1875,0,"18",2022-04-25,2022-04-25,2022-04-25,2022-04-25,2022-04-25,2022-04-25,2022-04-25,2022-04-25,2022-04-25,2022-04-25,2021-08-16,2021-08-16,2022-04-24,2022-04-24,2022-04-24,2021-08-16,2022-04-24,2022-04-25,2022-04-25,2022-04-25,12.3125
"China","Hebei",2022-05-06,10,0,"16",2022-04-26,2022-04-26,2022-04-26,2022-04-26,2022-04-26,2022-04-26,2022-04-26,2022-04-26,2022-04-26,2022-04-26,2021-08-16,2021-08-16,2022-04-26,2022-04-26,2022-04-26,2021-08-16,2022-04-26,2022-04-26,2022-04-26,2022-04-26,11
"China","Chongqing",2022-05-06,9,0,"13",2022-04-27,2022-04-27,2022-04-27,2022-04-27,2022-04-27,2022-04-27,2022-04-27,2022-04-27,2022-04-27,2022-04-27,2021-08-16,2021-08-16,2022-04-27,2022-04-27,2022-04-27,2021-08-16,2022-04-27,2022-04-27,2022-04-27,2022-04-27,9.8125
"China","Xinjiang",2022-05-06,8,0,"13",2022-04-28,2022-04-28,2022-04-28,2022-04-28,2022-04-28,2022-04-28,2022-04-28,2022-04-28,2022-04-28,2022-04-28,2021-08-15,2021-08-15,2022-04-28,2022-04-28,2022-04-28,2021-08-15,2022-04-28,2022-04-28,2022-04-28,2022-04-28,8.8125
"China","Qinghai",2022-05-06,7,0,"13",2022-04-29,2022-04-29,2022-04-29,2022-04-29,2022-04-29,2022-04-29,2022-04-29,2022-04-29,2022-04-29,2022-04-29,2021-08-16,2021-08-16,2022-04-29,2022-04-29,2022-04-29,2021-08-16,2022-04-29,2022-04-29,2022-04-29,2022-04-29,7.8125
"China","Tianjin",2022-05-06,7,0,"13",2022-04-29,2022-04-29,2022-04-29,2022-04-29,2022-04-29,2022-04-29,2022-04-29,2022-04-29,2022-04-29,2022-04-29,2021-08-16,2021-08-16,2022-04-29,2022-04-29,2022-04-29,2021-08-16,2022-04-13,2022-04-29,2022-04-29,2022-04-29,7.8125
"China","Fujian",2022-05-06,6,0,"49",2022-04-30,2022-04-30,2022-04-30,2022-04-30,2022-04-30,2022-04-30,2022-04-30,2022-04-30,2022-04-30,2022-04-30,2021-08-15,2021-08-15,2022-04-30,2022-04-30,2022-04-30,2021-08-15,2022-04-30,2022-04-30,2022-04-30,2022-04-30,9.0625
"China","Hainan",2022-05-06,5,0,"16",2022-05-01,2022-05-01,2022-05-01,2022-05-01,2022-05-01,2022-05-01,2022-05-01,2022-05-01,2022-05-01,2022-05-01,2021-08-16,2021-08-16,2022-05-01,2022-05-01,2022-05-01,2021-08-16,2022-05-01,2022-05-01,2022-05-01,2022-05-01,6
"China","Anhui",2022-05-06,2,0,"13",2022-05-04,2022-05-04,2022-05-04,2022-05-04,2022-05-04,2022-05-04,2022-05-04,2022-05-04,2022-05-04,2022-05-04,2021-08-16,2021-08-16,2022-05-04,2022-05-04,2022-05-04,2021-08-16,2022-05-04,2022-05-04,2022-05-04,2022-05-04,2.8125
"China","Beijing",2022-05-06,2,0,"13",2022-05-04,2022-05-04,2022-05-04,2022-05-04,2022-05-04,2022-05-04,2022-05-04,2022-05-04,2022-05-04,2022-05-04,2021-08-15,2021-08-15,2022-05-04,2022-05-04,2022-05-04,2021-08-15,2022-05-04,2022-05-04,2022-05-04,2022-05-04,2.8125
"China","Guangdong",2022-05-06,2,0,"16",2022-05-04,2022-05-04,2022-05-04,2022-05-04,2022-05-04,2022-05-04,2022-05-04,2022-05-04,2022-05-04,2022-05-04,2021-08-15,2021-08-15,2022-05-04,2022-05-04,2022-05-04,2021-08-15,2022-05-06,2022-05-04,2022-05-04,2022-05-04,3
"China","Gansu",2022-05-06,2,0,"20",2022-05-04,2022-05-04,2022-05-04,2022-05-04,2022-05-04,2022-05-04,2022-05-04,2022-05-04,2022-05-04,2022-05-04,2021-08-16,2021-08-16,2022-05-04,2022-05-04,2022-05-04,2021-08-16,2022-02-16,2022-05-04,2022-05-04,2022-05-04,3.25
"China","Guangxi",2022-05-06,2,0,"14",2022-05-04,2022-05-04,2022-05-04,2022-05-04,2022-05-04,2022-05-04,2022-05-04,2022-05-04,2022-05-04,2022-05-04,2021-08-16,2021-08-16,2022-05-04,2022-05-04,2022-05-04,2021-08-16,2022-05-05,2022-05-04,2022-05-04,2022-05-04,2.875
"China","Guizhou",2022-05-06,2,0,"13",2022-05-04,2022-05-04,2022-05-04,2022-05-04,2022-05-04,2022-05-04,2022-05-04,2022-05-04,2022-05-04,2022-05-04,2021-08-16,2021-08-16,2022-05-04,2022-05-04,2022-05-04,2021-08-16,2022-05-05,2022-05-04,2022-05-04,2022-05-04,2.8125
"China","Henan",2022-05-06,2,0,"20",2022-05-04,2022-05-04,2022-05-04,2022-05-04,2022-05-04,2022-05-04,2022-05-04,2022-05-04,2022-05-04,2022-05-04,2021-08-16,2021-08-16,2022-05-04,2022-05-04,2022-05-04,2021-08-16,2022-05-05,2022-05-04,2022-05-04,2022-05-04,3.25
"China","Heilongjiang",2022-05-06,2,0,"14",2022-05-04,2022-05-04,2022-05-04,2022-05-04,2022-05-04,2022-05-04,2022-05-04,2022-05-04,2022-05-04,2022-05-04,2021-08-16,2021-08-16,2022-05-04,2022-05-04,2022-05-04,2021-08-16,2022-05-05,2022-05-04,2022-05-04,2022-05-04,2.875
"China","Hunan",2022-05-06,2,0,"14",2022-05-04,2022-05-04,2022-05-04,2022-05-04,2022-05-04,2022-05-04,2022-05-04,2022-05-04,2022-05-04,2022-05-04,2021-08-17,2021-08-17,2022-05-04,2022-05-04,2022-05-04,2021-08-17,2022-05-05,2022-05-04,2022-05-04,2022-05-04,2.875
"China","Jilin",2022-05-06,2,0,"13",2022-05-04,2022-05-04,2022-05-04,2022-05-04,2022-05-04,2022-05-04,2022-05-04,2022-05-04,2022-05-04,2022-05-04,2021-08-16,2021-08-16,2022-05-04,2022-05-04,2022-05-04,2021-08-16,2022-05-04,2022-05-04,2022-05-04,2022-05-04,2.8125
"China","Inner Mongolia",2022-05-06,2,0,"27",2022-05-04,2022-05-04,2022-05-04,2022-05-04,2022-05-04,2022-05-04,2022-05-04,2022-05-04,2022-05-04,2022-05-04,2021-08-16,2021-08-16,2022-05-04,2022-05-04,2022-05-04,2021-08-16,2022-05-04,2022-05-04,2022-05-04,2022-05-04,3.6875
"China","Sichuan",2022-05-06,2,0,"13",2022-05-04,2022-05-04,2022-05-04,2022-05-04,2022-05-04,2022-05-04,2022-05-04,2022-05-04,2022-05-04,2022-05-04,2021-08-15,2021-08-15,2022-05-04,2022-05-04,2022-05-04,2021-08-15,2022-05-04,2022-05-04,2022-05-04,2022-05-04,2.8125
"China","Shanxi",2022-05-06,2,0,"13",2022-05-04,2022-05-04,2022-05-04,2022-05-04,2022-05-04,2022-05-04,2022-05-04,2022-05-04,2022-05-04,2022-05-04,2021-08-16,2021-08-16,2022-05-04,2022-05-04,2022-05-04,2021-08-16,2022-05-04,2022-05-04,2022-05-04,2022-05-04,2.8125
"China","Yunnan",2022-05-06,2,0,"13",2022-05-04,2022-05-04,2022-05-04,2022-05-04,2022-05-04,2022-05-04,2022-05-04,2022-05-04,2022-05-04,2022-05-04,2021-08-16,2021-08-16,2022-05-04,2022-05-04,2022-05-04,2021-08-16,2022-05-06,2022-05-04,2022-05-04,2022-05-04,2.8125
"China","Zhejiang",2022-05-06,2,0,"13",2022-05-04,2022-05-04,2022-05-04,2022-05-04,2022-05-04,2022-05-04,2022-05-04,2022-05-04,2022-05-04,2022-05-04,2021-08-16,2021-08-16,2022-05-04,2022-05-04,2022-05-04,2021-08-16,2022-05-04,2022-05-04,2022-05-04,2022-05-04,2.8125
"Colombia","National Government",2022-05-06,11,1,"0",2022-04-25,2022-04-25,2022-04-25,2022-04-25,2022-04-25,2022-04-25,2022-04-25,2022-04-25,2022-04-25,2022-04-25,2021-08-16,2021-08-16,2022-04-25,2022-04-25,2022-04-25,2021-08-16,2022-04-25,2022-04-25,2022-04-25,2022-04-25,11
"Comoros","National Government",2022-05-06,Inf,0,"-Inf",-Inf,-Inf,-Inf,-Inf,-Inf,-Inf,-Inf,-Inf,-Inf,-Inf,-Inf,-Inf,-Inf,-Inf,-Inf,-Inf,-Inf,2020-10-12,2020-12-07,-Inf,817.75
"Congo","National Government",2022-05-06,11,0,"0",2022-04-25,2022-04-25,2022-04-25,2022-04-25,2022-04-25,2022-04-25,2022-04-25,2022-04-25,2022-04-25,2022-04-25,2021-08-16,2021-08-16,2022-04-25,2022-04-25,2022-04-25,2021-08-16,2022-04-25,2022-04-25,2022-04-25,2022-04-25,11
"Costa Rica","National Government",2022-05-06,14,0,"0",2022-04-22,2022-04-22,2022-04-22,2022-04-22,2022-04-22,2022-04-22,2022-04-22,2022-04-22,2022-04-22,2022-04-22,2021-08-17,2021-08-17,2022-04-22,2022-04-22,2022-04-22,2021-08-17,2022-04-22,2022-04-22,2022-04-22,2022-04-22,14
"Cote d'Ivoire","National Government",2022-05-06,10.6875,1,"0",2022-05-06,2022-04-24,2022-04-24,2022-04-24,2022-04-24,2022-04-24,2022-04-24,2022-04-25,2022-04-25,2022-04-25,2021-08-14,2021-08-14,2022-04-25,2022-04-25,2022-04-25,2021-08-14,2022-04-25,2022-04-25,2022-04-25,2022-04-25,10.6875
"Croatia","National Government",2022-05-06,11,0,"0",2022-04-25,2022-04-25,2022-04-25,2022-04-25,2022-04-25,2022-04-25,2022-04-25,2022-04-25,2022-04-25,2022-04-25,2021-08-17,2021-08-17,2022-04-25,2022-04-25,2022-04-25,2021-08-17,2022-02-19,2022-04-25,2022-04-25,2022-04-25,11
"Cuba","National Government",2022-05-06,8,2,"0",2022-04-28,2022-04-28,2022-04-28,2022-04-28,2022-04-28,2022-04-28,2022-04-28,2022-04-28,2022-04-28,2022-04-28,2021-08-08,2021-08-08,2022-04-28,2022-04-28,2022-04-28,2021-08-08,2022-04-28,2022-04-28,2022-04-28,2022-04-28,8
"Cyprus","National Government",2022-05-06,11,0,"0",2022-04-25,2022-04-25,2022-04-25,2022-04-25,2022-04-25,2022-04-25,2022-04-25,2022-04-25,2022-04-25,2022-04-25,2021-08-16,2021-08-16,2022-04-25,2022-04-25,2022-04-25,2021-08-16,2022-04-25,2022-04-25,2022-04-25,2022-04-25,11
"Czech Republic","National Government",2022-05-06,4,2,"0",2022-05-02,2022-05-02,2022-05-02,2022-05-02,2022-05-02,2022-05-02,2022-05-02,2022-05-02,2022-05-02,2022-05-02,2021-07-22,2021-07-22,2022-05-02,2022-05-02,2022-05-02,2021-07-22,2022-05-02,2022-05-02,2022-05-02,2022-05-02,4
"Democratic Republic of Congo","National Government",2022-05-06,11,0,"1",2022-04-25,2022-04-25,2022-04-25,2022-04-25,2022-04-25,2022-04-25,2022-04-25,2022-04-25,2022-04-25,2022-04-25,2021-08-16,2021-08-16,2022-04-25,2022-04-25,2022-04-25,2021-08-16,2022-04-25,2022-04-25,2022-04-25,2022-04-25,11.0625
"Denmark","National Government",2022-05-06,7,0,"3",2022-04-29,2022-04-29,2022-04-29,2022-04-29,2022-04-29,2022-04-29,2022-04-29,2022-04-29,2022-04-29,2022-04-29,2021-08-16,2021-08-16,2022-04-29,2022-04-29,2022-04-29,2021-08-16,2022-04-29,2022-04-29,2022-04-29,2022-04-29,7.1875
"Djibouti","National Government",2022-05-06,4,0,"0",2022-05-02,2022-05-02,2022-05-02,2022-05-02,2022-05-02,2022-05-02,2022-05-02,2022-05-02,2022-05-02,2022-05-02,2021-07-06,2021-07-06,2022-05-02,2022-05-02,2022-05-02,2021-07-06,2022-05-02,2022-05-02,2022-05-02,2022-05-02,4
"Dominica","National Government",2022-05-06,18,0,"0",2022-04-18,2022-04-18,2022-04-18,2022-04-18,2022-04-18,2022-04-18,2022-04-18,2022-04-18,2022-04-18,2022-04-18,2021-08-17,2021-08-17,2022-04-18,2022-04-18,2022-04-18,2021-08-17,2022-04-18,2022-04-18,2022-04-18,2022-04-18,18
"Dominican Republic","National Government",2022-05-06,8,0,"0",2022-04-28,2022-04-28,2022-04-28,2022-04-28,2022-04-28,2022-04-28,2022-04-28,2022-04-28,2022-04-28,2022-04-28,2021-08-10,2021-08-10,2022-04-28,2022-04-28,2022-04-28,2021-08-10,2022-04-28,2022-04-28,2022-04-28,2022-04-28,8
"Ecuador","National Government",2022-05-06,11,1,"0",2022-04-25,2022-04-25,2022-04-25,2022-04-25,2022-04-25,2022-04-25,2022-04-25,2022-04-25,2022-04-25,2022-04-25,2021-08-15,2021-08-15,2022-04-25,2022-04-25,2022-04-25,2021-08-15,2022-04-11,2022-04-25,2022-04-25,2022-04-25,11
"Egypt","National Government",2022-05-06,4,0,"0",2022-05-02,2022-05-02,2022-05-02,2022-05-02,2022-05-02,2022-05-02,2022-05-02,2022-05-02,2022-05-02,2022-05-02,2021-07-06,2021-07-06,2022-05-02,2022-05-02,2022-05-02,2021-07-06,2021-11-08,2022-05-02,2022-05-02,2022-05-02,4
"El Salvador","National Government",2022-05-06,1,0,"0",2022-05-05,2022-05-05,2022-05-05,2022-05-05,2022-05-05,2022-05-05,2022-05-05,2022-05-05,2022-05-05,2022-05-05,2021-08-09,2021-08-09,2022-05-05,2022-05-05,2022-05-05,2021-08-09,2022-05-05,2022-05-05,2022-05-05,2022-05-05,1
"Eritrea","National Government",2022-05-06,3,0,"0",2022-05-03,2022-05-03,2022-05-03,2022-05-03,2022-05-03,2022-05-03,2022-05-03,2022-05-03,2022-05-03,2022-05-03,2021-08-16,2021-08-16,2022-05-03,2022-05-03,2022-05-03,2021-08-16,2022-05-03,2022-05-03,2022-05-03,2022-05-03,3
"Estonia","National Government",2022-05-06,19,0,"0",2022-04-17,2022-04-17,2022-04-17,2022-04-17,2022-04-17,2022-04-17,2022-04-17,2022-04-17,2022-04-17,2022-04-17,2021-07-26,2021-07-26,2022-04-17,2022-04-17,2022-04-17,2021-07-26,2022-04-17,2022-04-17,2022-04-17,2022-04-17,19
"Eswatini","National Government",2022-05-06,11,0,"0",2022-04-25,2022-04-25,2022-04-25,2022-04-25,2022-04-25,2022-04-25,2022-04-25,2022-04-25,2022-04-25,2022-04-25,2021-08-10,2021-08-10,2022-04-25,2022-04-25,2022-04-25,2021-08-10,2022-04-25,2022-04-25,2022-04-25,2022-04-25,11
"Ethiopia","National Government",2022-05-06,3,3,"0",2022-05-03,2022-05-03,2022-05-03,2022-05-03,2022-05-03,2022-05-03,2022-05-03,2022-05-03,2022-05-03,2022-05-03,2021-08-16,2021-08-16,2022-05-03,2022-05-03,2022-05-03,2021-08-16,2022-05-03,2022-05-03,2022-05-03,2022-05-03,3
"Faeroe Islands","National Government",2022-05-06,8,1,"0",2022-04-28,2022-04-28,2022-04-28,2022-04-28,2022-04-28,2022-04-28,2022-04-28,2022-04-28,2022-04-28,2022-04-28,2021-08-02,2021-08-02,2022-04-28,2022-04-28,2022-04-28,2021-08-02,2022-04-28,2022-04-28,2022-04-28,2022-04-28,8
"Fiji","National Government",2022-05-06,19,0,"0",2022-04-17,2022-04-17,2022-04-17,2022-04-17,2022-04-17,2022-04-17,2022-04-17,2022-04-17,2022-04-17,2022-04-17,2021-08-16,2021-08-16,2022-04-17,2022-04-17,2022-04-17,2021-08-16,2022-04-17,2022-04-17,2022-04-17,2022-04-17,19
"Finland","National Government",2022-05-06,7,0,"0",2022-04-29,2022-04-29,2022-04-29,2022-04-29,2022-04-29,2022-04-29,2022-04-29,2022-04-29,2022-04-29,2022-04-29,2021-08-16,2021-08-16,2022-04-29,2022-04-29,2022-04-29,2021-08-16,2022-04-29,2022-04-29,2022-04-29,2022-04-29,7
"France","National Government",2022-05-06,14.5,1,"0",2022-04-21,2022-04-21,2022-04-21,2022-04-21,2022-04-21,2022-04-21,2022-04-21,2022-04-21,2022-04-21,2022-04-21,2021-08-09,2021-08-09,2022-04-21,2022-04-21,2022-04-21,2021-08-12,2022-04-21,2022-04-25,2022-04-25,2022-04-21,14.5
"Gabon","National Government",2022-05-06,3,0,"0",2022-05-03,2022-05-03,2022-05-03,2022-05-03,2022-05-03,2022-05-03,2022-05-03,2022-05-03,2022-05-03,2022-05-03,2021-08-16,2021-08-16,2022-05-03,2022-05-03,2022-05-03,2021-08-16,2022-05-03,2022-05-03,2022-05-03,2022-05-03,3
"Gambia","National Government",2022-05-06,10,0,"0",2022-04-26,2022-04-26,2022-04-26,2022-04-26,2022-04-26,2022-04-26,2022-04-26,2022-04-26,2022-04-26,2022-04-26,2021-08-09,2021-08-09,2022-04-26,2022-04-26,2022-04-26,2021-08-09,2022-04-26,2022-04-26,2022-04-26,2022-04-26,10
"Georgia","National Government",2022-05-06,11,0,"8",2022-04-25,2022-04-25,2022-04-25,2022-04-25,2022-04-25,2022-04-25,2022-04-25,2022-04-25,2022-04-25,2022-04-25,2021-06-21,2021-06-21,2022-04-25,2022-04-25,2022-04-25,2021-06-21,2022-04-25,2022-04-25,2022-04-25,2022-04-25,11.5
"Germany","National Government",2022-05-06,3,1,"6",2022-05-03,2022-05-03,2022-05-03,2022-05-03,2022-05-03,2022-05-03,2022-05-03,2022-05-03,2022-05-03,2022-05-03,2021-08-12,2021-08-12,2022-05-03,2022-05-03,2022-05-03,2021-08-12,2022-04-18,2022-05-03,2022-05-03,2022-05-03,3.375
"Ghana","National Government",2022-05-06,14,0,"0",2022-04-22,2022-04-22,2022-04-22,2022-04-22,2022-04-22,2022-04-22,2022-04-22,2022-04-22,2022-04-22,2022-04-22,2021-08-15,2021-08-15,2022-04-22,2022-04-22,2022-04-22,2021-08-15,2022-04-22,2022-04-22,2022-04-22,2022-04-22,14
"Greece","National Government",2022-05-06,17,2,"0",2022-04-19,2022-04-19,2022-04-19,2022-04-19,2022-04-19,2022-04-19,2022-04-19,2022-04-19,2022-04-19,2022-04-19,2021-08-09,2021-08-09,2022-04-19,2022-04-19,2022-04-19,2021-08-09,2022-04-19,2022-04-19,2022-04-19,2022-04-19,17
"Greenland","National Government",2022-05-06,5,1,"0",2022-05-01,2022-05-01,2022-05-01,2022-05-01,2022-05-01,2022-05-01,2022-05-01,2022-05-01,2022-05-01,2022-05-01,2021-08-02,2021-08-02,2022-05-01,2022-05-01,2022-05-01,2021-08-02,2022-05-01,2022-05-01,2022-05-01,2022-05-01,5
"Grenada","National Government",2022-05-06,39,0,"11696",2022-03-28,2022-03-28,2022-03-28,2022-03-28,2022-03-28,2022-03-28,2022-03-28,2022-03-28,2022-03-28,2022-03-28,-Inf,-Inf,2022-03-28,2022-03-28,2022-03-28,-Inf,2022-03-28,2022-03-28,2022-03-28,2022-03-28,770
"Guam","National Government",2022-05-06,23,2,"0",2022-04-13,2022-04-13,2022-04-13,2022-04-13,2022-04-13,2022-04-13,2022-04-13,2022-04-13,2022-04-13,2022-04-13,2021-07-12,2021-07-12,2022-04-13,2022-04-13,2022-04-13,2021-07-12,2022-04-13,2022-04-13,2022-04-13,2022-04-13,23
"Guatemala","National Government",2022-05-06,10,1,"0",2022-04-26,2022-04-26,2022-04-26,2022-04-26,2022-04-26,2022-04-26,2022-04-26,2022-04-26,2022-04-26,2022-04-26,2021-08-16,2021-08-16,2022-04-26,2022-04-26,2022-04-26,2021-08-16,2022-04-26,2022-04-26,2022-04-26,2022-04-26,10
"Guinea","National Government",2022-05-06,5.75,0,"0",2022-04-25,2022-04-25,2022-05-02,2022-05-02,2022-05-02,2022-04-25,2022-05-02,2022-04-25,2022-05-02,2022-05-02,2021-08-01,2021-08-01,2022-05-02,2022-05-02,2022-05-02,2021-08-01,2022-05-02,2022-05-02,2022-05-02,2022-05-02,5.75
"Guyana","National Government",2022-05-06,13.75,0,"0",2022-04-22,2022-04-22,2022-04-22,2022-04-22,2022-04-22,2022-04-22,2022-04-22,2022-04-22,2022-04-22,2022-04-22,2021-06-20,2021-06-20,2022-04-22,2022-04-22,2022-04-22,2021-06-20,2022-04-22,2022-04-22,2022-04-24,2022-04-24,13.75
"Haiti","National Government",2022-05-06,25.625,0,"0",2022-04-10,2022-04-10,2022-04-10,2022-04-10,2022-04-10,2022-04-10,2022-04-10,2022-04-10,2022-04-10,2022-04-10,2021-08-12,2021-08-12,2022-04-11,2022-04-11,2022-04-11,2021-08-12,2022-04-11,2022-04-11,2022-04-11,2022-04-11,25.625
"Honduras","National Government",2022-05-06,21,0,"1",2022-04-15,2022-04-15,2022-04-15,2022-04-15,2022-04-15,2022-04-15,2022-04-15,2022-04-15,2022-04-15,2022-04-15,2021-08-17,2021-08-17,2022-04-15,2022-04-15,2022-04-15,2021-08-17,2022-04-15,2022-04-15,2022-04-15,2022-04-15,21.0625
"Hong Kong","National Government",2022-05-06,18,0,"1",2022-04-18,2022-04-18,2022-04-18,2022-04-18,2022-04-18,2022-04-18,2022-04-18,2022-04-18,2022-04-18,2022-04-18,2021-08-16,2021-08-16,2022-04-18,2022-04-18,2022-04-18,2021-08-16,2022-01-18,2022-04-18,2022-04-18,2022-04-18,18.0625
"Hungary","National Government",2022-05-06,4,0,"0",2022-05-02,2022-05-02,2022-05-02,2022-05-02,2022-05-02,2022-05-02,2022-05-02,2022-05-02,2022-05-02,2022-05-02,2021-07-27,2021-07-27,2022-05-02,2022-05-02,2022-05-02,2021-07-27,2022-03-24,2022-05-02,2022-05-02,2022-05-02,4
"Iceland","National Government",2022-05-06,7.375,0,"0",2022-04-29,2022-04-29,2022-04-29,2022-04-29,2022-04-29,2022-04-29,2022-04-29,2022-04-29,2022-04-29,2022-04-29,2021-08-16,2021-08-16,2022-04-29,2022-04-23,2022-04-29,2021-08-16,2022-04-29,2022-04-29,2022-04-29,2022-04-29,7.375
"India","Andaman and Nicobar Islands",2022-05-06,Inf,0,"-Inf",2022-03-23,2021-12-15,2022-03-23,2022-03-23,2022-03-23,2022-03-23,2022-03-23,2021-12-15,-Inf,-Inf,-Inf,-Inf,2022-03-23,2022-03-23,2021-11-28,2021-06-02,2021-06-02,2022-03-23,2021-12-15,2021-12-15,192.875
"India","Andhra Pradesh",2022-05-06,Inf,0,"-Inf",2022-03-23,2022-03-23,2022-03-23,2022-03-23,2022-03-23,2022-03-23,2022-03-23,2022-02-24,-Inf,-Inf,-Inf,-Inf,2022-03-23,2022-03-23,2021-11-28,2021-07-19,2021-08-14,2022-03-23,2022-01-23,2022-01-17,136.5
"India","Arunachal Pradesh",2022-05-06,Inf,0,"-Inf",2022-02-14,2022-02-14,2022-02-14,2022-02-14,2022-02-14,2022-02-14,2022-02-14,2022-02-14,-Inf,-Inf,-Inf,-Inf,2022-02-14,2022-02-14,2021-11-28,2021-08-01,2021-08-01,2022-02-14,2022-02-14,2022-02-14,156.25
"India","Assam",2022-05-06,Inf,0,"-Inf",2022-03-23,2022-03-23,2022-03-23,2022-03-23,2022-03-23,2022-03-23,2022-02-02,2021-06-30,-Inf,-Inf,-Inf,-Inf,2022-02-02,2022-02-02,2021-11-28,-Inf,-Inf,2022-03-23,2022-02-02,2022-02-02,177.8125
"India","Bihar",2022-05-06,Inf,0,"-Inf",2022-03-23,2022-03-23,2022-03-23,2022-03-23,2022-03-23,2022-03-23,2022-03-23,2022-02-24,-Inf,-Inf,-Inf,-Inf,2022-03-23,2022-03-23,2022-03-23,2021-08-16,2021-08-23,2022-03-23,2022-03-23,2022-03-23,126.1875
"India","Chandigarh",2022-05-06,Inf,0,"-Inf",2022-02-19,2022-02-19,2022-02-19,2022-02-19,2022-02-19,2022-02-19,2022-02-19,2022-02-19,-Inf,-Inf,-Inf,-Inf,2022-02-19,2022-02-19,2021-11-28,-Inf,2021-11-29,2022-02-19,2022-02-19,2022-02-19,152.1875
"India","Chhattisgarh",2022-05-06,Inf,0,"-Inf",2022-03-23,2022-03-23,2022-03-23,2022-03-23,2022-03-23,2022-03-23,2022-03-23,2022-02-24,-Inf,-Inf,-Inf,-Inf,2022-03-23,2022-03-23,2022-03-23,2021-06-21,2022-01-10,2022-03-23,2022-03-23,2022-03-23,198.25
"India","Dadra and Nagar Haveli and Daman and Diu",2022-05-06,Inf,0,"-Inf",2021-06-30,2021-06-30,2021-06-30,2021-06-30,2021-06-30,2021-06-30,2021-06-30,2021-06-30,-Inf,-Inf,-Inf,-Inf,2021-06-29,2021-04-30,2021-04-30,-Inf,-Inf,2021-06-29,2021-06-29,-Inf,368.1875
"India","Delhi",2022-05-06,Inf,0,"-Inf",2022-02-06,2022-02-04,2021-12-31,2021-12-31,2021-12-31,2021-12-31,2021-12-31,2021-12-31,-Inf,-Inf,-Inf,-Inf,2021-12-31,2021-12-31,2021-11-28,2021-08-09,2021-11-01,2021-12-31,2021-12-31,2021-12-31,188.3125
"India","Goa",2022-05-06,Inf,0,"-Inf",2022-03-21,2022-03-21,2022-03-21,2022-03-21,2022-03-21,2022-03-21,2022-03-21,2022-02-24,-Inf,-Inf,-Inf,-Inf,2022-03-21,2022-03-21,2022-03-21,2021-07-08,2021-12-13,2022-03-21,2022-03-21,2022-03-21,210.3125
"India","Gujarat",2022-05-06,Inf,0,"-Inf",2021-12-31,2021-12-31,2021-12-31,2021-12-31,2021-12-31,2021-12-31,2021-12-31,2021-12-31,-Inf,-Inf,-Inf,-Inf,2021-12-31,2021-12-31,2021-11-28,2021-08-16,2021-12-06,2021-12-31,2021-12-31,2021-12-31,194.375
"India","Himachal Pradesh",2022-05-06,Inf,0,"-Inf",2022-02-13,2022-02-13,2022-02-13,2022-02-13,2021-11-15,2022-02-13,2022-02-13,2022-02-13,-Inf,-Inf,-Inf,-Inf,2022-02-13,2022-02-13,2021-11-15,2021-08-16,2021-09-27,2022-02-13,2022-02-13,2022-02-13,238.0625
"India","Haryana",2022-05-06,Inf,0,"-Inf",2022-03-14,2022-03-14,2022-03-14,2022-03-14,2022-03-14,2022-03-14,2022-03-14,2022-02-24,-Inf,-Inf,-Inf,-Inf,2022-03-14,2022-03-14,2022-03-14,2021-08-10,2021-11-09,2022-03-14,2022-03-14,2022-01-31,141.75
"India","Jharkhand",2022-05-06,Inf,0,"-Inf",2022-01-16,2022-01-16,2022-01-16,2022-01-16,2022-01-16,2022-01-16,2022-01-16,2022-01-16,-Inf,-Inf,-Inf,-Inf,2022-01-16,2022-01-16,2021-08-16,2021-08-16,2022-01-16,2022-01-16,2022-01-16,2022-01-16,229.9375
"India","Jammu and Kashmir",2022-05-06,Inf,0,"-Inf",2022-02-21,2022-02-21,2022-02-21,2022-02-21,2022-02-21,2022-02-21,2022-02-21,2022-02-21,-Inf,-Inf,-Inf,-Inf,2022-02-21,2022-02-21,2021-11-28,2021-08-09,2021-08-09,2022-02-21,2022-02-21,2022-02-13,154
"India","Karnataka",2022-05-06,Inf,0,"-Inf",2022-01-31,2022-01-31,2022-01-31,2022-01-31,2022-01-31,2022-01-31,2022-01-31,2022-01-31,-Inf,-Inf,-Inf,-Inf,2022-01-31,2022-01-31,2021-11-28,2021-08-16,2021-08-16,2022-01-31,2022-01-31,2022-01-31,167.625
"India","Kerala",2022-05-06,Inf,0,"-Inf",2022-03-23,2022-03-23,2022-03-23,2022-03-23,2022-03-23,2022-03-23,2022-03-23,2022-02-24,-Inf,-Inf,-Inf,-Inf,2022-03-23,2022-03-23,2022-03-23,2021-08-08,2021-09-13,2022-03-23,2022-03-23,2022-03-23,153.1875
"India","Ladakh",2022-05-06,Inf,0,"-Inf",2021-08-23,2021-08-23,2021-08-23,2021-08-23,2021-08-23,2021-08-23,2021-08-23,2021-08-23,-Inf,-Inf,-Inf,-Inf,2021-08-23,2021-08-23,2021-08-23,2021-07-06,2021-08-23,2021-08-23,2021-08-23,2021-01-15,352.875
"India","Lakshadweep",2022-05-06,Inf,0,"-Inf",2022-01-30,2022-01-30,2022-01-30,2022-01-30,2022-01-30,2022-01-30,2022-01-30,2021-08-16,-Inf,-Inf,-Inf,-Inf,2021-08-16,2021-08-16,2021-08-16,2021-08-16,2021-08-16,2022-01-05,2021-08-16,-Inf,360.4375
"India","Maharashtra",2022-05-06,Inf,0,"-Inf",2022-03-23,2022-03-23,2022-03-23,2022-03-23,2022-03-23,2022-03-23,2022-03-23,2022-02-24,-Inf,-Inf,-Inf,-Inf,2022-03-23,2022-03-23,2021-11-28,2021-07-26,2022-04-11,2022-03-23,2022-03-23,2022-01-24,142
"India","Meghalaya",2022-05-06,Inf,0,"-Inf",2022-01-24,2022-01-10,2022-01-10,2022-01-10,2022-01-10,2022-01-10,2022-01-10,2022-01-10,-Inf,-Inf,-Inf,-Inf,2022-01-10,2022-01-10,2021-11-28,2021-06-08,2021-06-08,2022-01-10,2022-01-10,2022-01-10,264.6875
"India","Manipur",2022-05-06,Inf,0,"-Inf",2021-09-27,2021-09-27,2021-09-27,2021-09-27,2021-09-27,2021-09-27,2021-09-27,2021-09-27,-Inf,-Inf,-Inf,-Inf,2021-09-27,2021-09-27,2021-09-27,2021-07-05,2021-07-05,2021-09-27,2021-09-27,2021-01-15,272.3125
"India","Madhya Pradesh",2022-05-06,Inf,0,"-Inf",2022-03-23,2022-03-23,2022-03-23,2022-03-23,2022-03-23,2022-03-23,2022-03-23,2022-02-24,-Inf,-Inf,2021-05-25,2021-05-25,2022-03-23,2022-03-23,2022-03-23,2021-08-16,2021-11-22,2022-03-23,2022-03-23,2022-03-23,133.125
"India","Mizoram",2022-05-06,Inf,0,"-Inf",2021-08-30,2021-08-30,2021-08-30,2021-08-30,2021-08-30,2021-08-30,2021-08-30,2021-08-30,-Inf,-Inf,-Inf,-Inf,2021-08-30,2021-08-30,2021-08-30,2021-05-24,2021-08-30,2021-08-30,2021-08-30,2021-01-15,298.375
"India","Nagaland",2022-05-06,Inf,0,"-Inf",2022-02-15,2022-02-15,2022-02-15,2022-02-15,2022-02-15,2022-02-15,2022-02-15,2022-02-15,-Inf,-Inf,-Inf,-Inf,2022-02-15,2022-02-15,2021-11-28,2021-07-26,2021-10-25,2022-02-15,2022-02-15,2022-02-15,162.0625
"India","Odisha",2022-05-06,Inf,0,"-Inf",2022-03-23,2022-03-23,2022-03-23,2022-03-23,2022-01-11,2022-03-23,2022-03-23,2022-02-15,-Inf,-Inf,-Inf,-Inf,2022-03-23,2022-01-09,2021-11-28,2021-08-09,2021-08-09,2022-03-23,2022-03-23,2022-03-23,156.9375
"India","Punjab",2022-05-06,Inf,0,"-Inf",2022-02-21,2022-02-21,2022-02-21,2022-02-21,2022-02-21,2022-02-21,2022-02-21,2022-02-21,-Inf,-Inf,-Inf,-Inf,2022-02-21,2022-02-21,2021-11-28,2021-08-04,2022-02-21,2022-02-21,2022-02-21,2022-02-21,151.5
"India","Puducherry",2022-05-06,Inf,0,"-Inf",2022-03-23,2022-03-23,2022-03-23,2022-03-23,2022-03-23,2022-03-23,2022-03-23,2022-02-24,-Inf,-Inf,-Inf,-Inf,2022-03-23,2022-03-23,2022-03-23,2021-08-03,2021-11-29,2022-03-23,2022-03-23,2022-03-23,126.25
"India","Rajasthan",2022-05-06,Inf,0,"-Inf",2022-03-23,2022-03-23,2022-03-23,2022-03-23,2022-03-23,2022-03-23,2022-03-23,2022-02-24,-Inf,-Inf,-Inf,-Inf,2022-03-23,2021-12-31,2021-11-28,2021-08-16,2021-12-28,2021-12-31,2021-12-31,2021-12-31,148.375
"India","Sikkim",2022-05-06,Inf,0,"-Inf",2022-02-03,2022-02-03,2022-02-03,2022-02-03,2022-02-03,2022-02-04,2022-02-04,2022-02-04,-Inf,-Inf,-Inf,-Inf,2022-02-04,2021-10-09,2021-07-12,2021-07-12,2021-07-12,2021-08-21,2022-02-04,-Inf,298.6875
"India","Telangana",2022-05-06,Inf,0,"-Inf",2022-03-01,2022-03-01,2022-03-01,2022-03-01,2022-03-01,2022-03-01,2022-03-01,2022-02-24,-Inf,-Inf,-Inf,-Inf,2022-03-01,2022-03-01,2022-03-01,2021-05-17,2021-05-17,2022-03-01,2022-03-01,2022-03-01,156.8125
"India","Tamil Nadu",2022-05-06,Inf,0,"-Inf",2022-03-23,2022-03-23,2022-03-23,2022-03-23,2022-03-23,2022-03-23,2022-03-23,2022-02-24,-Inf,-Inf,-Inf,-Inf,2022-03-23,2022-03-23,2022-03-23,2021-06-14,2021-06-14,2022-03-23,2022-03-23,2022-03-23,127.875
"India","Tripura",2022-05-06,Inf,0,"-Inf",2021-08-16,2021-08-16,2021-08-16,2021-08-16,2021-08-16,2021-08-16,2021-08-16,2021-08-16,-Inf,-Inf,-Inf,-Inf,2021-08-16,2021-08-16,2021-08-16,2021-08-16,2021-08-16,2021-08-16,2021-08-16,2021-01-15,304.8125
"India","Uttar Pradesh",2022-05-06,Inf,0,"-Inf",2022-03-23,2022-03-23,2022-03-23,2022-03-23,2022-03-23,2022-03-23,2022-03-23,2022-02-24,-Inf,-Inf,-Inf,-Inf,2022-03-23,2021-12-07,2021-11-28,2021-08-01,2021-08-01,2022-03-23,2022-03-23,2021-12-07,166.75
"India","Uttarakhand",2022-05-06,Inf,0,"-Inf",2021-12-31,2021-12-31,2021-12-31,2021-12-31,2021-12-31,2021-12-31,2021-12-31,2021-12-31,-Inf,-Inf,-Inf,-Inf,2021-12-31,2021-12-31,2021-11-28,2021-08-09,2021-10-05,2021-12-31,2021-12-31,2021-12-31,204.6875
"India","West Bengal",2022-05-06,Inf,0,"-Inf",2022-02-26,2022-02-26,2022-02-26,2022-02-26,2022-02-26,2022-02-26,2022-02-26,2022-02-24,-Inf,-Inf,-Inf,-Inf,2022-02-26,2021-12-31,2021-11-28,2021-08-08,2021-08-08,2022-02-26,2022-02-26,2021-12-31,177.375
"India","National Government",2022-05-06,11,0,"0",2022-04-25,2022-04-25,2022-04-25,2022-04-25,2022-04-25,2022-04-25,2022-04-25,2022-04-25,2022-04-25,2022-04-25,2021-08-16,2021-08-16,2022-04-25,2022-04-25,2022-04-25,2021-08-16,2022-04-25,2022-04-25,2022-04-25,2022-04-25,11
"Indonesia","National Government",2022-05-06,10.3125,0,"0",2022-04-25,2022-04-25,2022-04-25,2022-04-25,2022-04-25,2022-04-25,2022-04-25,2022-05-06,2022-04-25,2022-04-25,2021-08-16,2021-08-16,2022-04-25,2022-04-25,2022-04-25,2021-08-16,2022-04-25,2022-04-25,2022-04-25,2022-04-25,10.3125
"Iran","National Government",2022-05-06,6,1,"0",2022-04-30,2022-04-30,2022-04-30,2022-04-30,2022-04-30,2022-04-30,2022-04-30,2022-04-30,2022-04-30,2022-04-30,2021-06-29,2021-06-29,2022-04-30,2022-04-30,2022-04-30,2021-06-29,2022-04-30,2022-04-30,2022-04-30,2022-04-30,6
"Iraq","National Government",2022-05-06,6.1875,1,"0",2022-05-02,2022-03-28,2022-05-02,2022-05-02,2022-05-02,2022-05-02,2022-05-02,2022-05-02,2022-05-02,2022-05-02,2021-07-27,2021-07-27,2022-05-02,2022-05-02,2022-05-02,2021-07-26,2022-05-02,2022-05-02,2022-05-02,2022-05-02,6.1875
"Ireland","National Government",2022-05-06,4,0,"0",2022-05-02,2022-05-02,2022-05-02,2022-05-02,2022-05-02,2022-05-02,2022-05-02,2022-05-02,2022-05-02,2022-05-02,2021-08-16,2021-08-16,2022-05-02,2022-05-02,2022-05-02,2021-08-16,2022-05-02,2022-05-02,2022-05-02,2022-05-02,4
"Israel","National Government",2022-05-06,4,0,"0",2022-05-02,2022-05-02,2022-05-02,2022-05-02,2022-05-02,2022-05-02,2022-05-02,2022-05-02,2022-05-02,2022-05-02,2021-08-13,2021-08-13,2022-05-02,2022-05-02,2022-05-02,2021-08-13,2022-05-02,2022-05-02,2022-05-02,2022-05-02,4
"Italy","National Government",2022-05-06,4,3,"0",2022-05-02,2022-05-02,2022-05-02,2022-05-02,2022-05-02,2022-05-02,2022-05-02,2022-05-02,2022-05-02,2022-05-02,2021-08-13,2021-08-13,2022-05-02,2022-05-02,2022-05-02,2021-08-13,2022-05-02,2022-05-02,2022-05-02,2022-05-02,4
"Jamaica","National Government",2022-05-06,4,2,"1",2022-05-02,2022-05-02,2022-05-02,2022-05-02,2022-05-02,2022-05-02,2022-05-02,2022-05-02,2022-05-02,2022-05-02,2021-08-16,2021-08-16,2022-05-02,2022-05-02,2022-05-02,2021-08-16,2022-05-02,2022-05-02,2022-05-02,2022-05-02,4.0625
"Japan","National Government",2022-05-06,3.9375,0,"0",2022-05-02,2022-05-02,2022-05-02,2022-05-02,2022-05-02,2022-05-02,2022-05-02,2022-05-02,2022-05-02,2022-05-02,2021-08-14,2021-08-14,2022-05-02,2022-05-03,2022-05-02,2021-08-14,2022-05-02,2022-05-02,2022-05-02,2022-05-02,3.9375
"Jordan","National Government",2022-05-06,17,4,"112",2022-04-19,2022-04-19,2022-04-19,2022-04-19,2022-04-19,2022-04-19,2022-04-19,2022-04-19,2022-04-19,2022-04-19,2021-08-02,2021-08-02,2022-04-19,2022-04-19,2022-04-19,2021-08-02,2022-04-19,2022-04-19,2022-04-19,2022-04-19,24
"Kazakhstan","National Government",2022-05-06,10,0,"0",2022-04-26,2022-04-26,2022-04-26,2022-04-26,2022-04-26,2022-04-26,2022-04-26,2022-04-26,2022-04-26,2022-04-26,2021-08-16,2021-08-16,2022-04-26,2022-04-26,2022-04-26,2021-08-16,2022-04-26,2022-04-26,2022-04-26,2022-04-26,10
"Kenya","National Government",2022-05-06,15,0,"0",2022-04-21,2022-04-21,2022-04-21,2022-04-21,2022-04-21,2022-04-21,2022-04-21,2022-04-21,2022-04-21,2022-04-21,2021-07-26,2021-07-26,2022-04-21,2022-04-21,2022-04-21,2021-07-26,2022-04-21,2022-04-21,2022-04-21,2022-04-21,15
"Kiribati","National Government",2022-05-06,11,0,"0",2022-04-25,2022-04-25,2022-04-25,2022-04-25,2022-04-25,2022-04-25,2022-04-25,2022-04-25,2022-04-25,2022-04-25,2021-08-09,2021-08-09,2022-04-25,2022-04-25,2022-04-25,2021-08-09,2022-04-25,2022-04-25,2022-04-25,2022-04-25,11
"Kosovo","National Government",2022-05-06,4,2,"0",2022-05-02,2022-05-02,2022-05-02,2022-05-02,2022-05-02,2022-05-02,2022-05-02,2022-05-02,2022-05-02,2022-05-02,2021-08-13,2021-08-13,2022-05-02,2022-05-02,2022-05-02,2021-08-13,2022-02-21,2022-05-02,2022-05-02,2022-05-02,4
"Kuwait","National Government",2022-05-06,39,0,"0",2022-03-28,2022-03-28,2022-03-28,2022-03-28,2022-03-28,2022-03-28,2022-03-28,2022-03-28,2022-03-28,2022-03-28,2021-08-08,2021-08-08,2022-03-28,2022-03-28,2022-03-28,2021-08-08,2022-03-28,2022-03-28,2022-03-28,2022-03-28,39
"Kyrgyz Republic","National Government",2022-05-06,5,0,"0",2022-05-01,2022-05-01,2022-05-01,2022-05-01,2022-05-01,2022-05-01,2022-05-01,2022-05-01,2022-05-01,2022-05-01,2021-08-16,2021-08-16,2022-05-01,2022-05-01,2022-05-01,2021-08-16,2022-05-01,2022-05-01,2022-05-01,2022-05-01,5
"Laos","National Government",2022-05-06,4,0,"0",2022-05-02,2022-05-02,2022-05-02,2022-05-02,2022-05-02,2022-05-02,2022-05-02,2022-05-02,2022-05-02,2022-05-02,2021-08-16,2021-08-16,2022-05-02,2022-05-02,2022-05-02,2021-08-16,2022-05-02,2022-05-02,2022-05-02,2022-05-02,4
"Latvia","National Government",2022-05-06,34,0,"0",2022-04-02,2022-04-02,2022-04-02,2022-04-02,2022-04-02,2022-04-02,2022-04-02,2022-04-02,2022-04-02,2022-04-02,2021-08-10,2021-08-10,2022-04-02,2022-04-02,2022-04-02,2021-08-10,2022-04-02,2022-04-02,2022-04-02,2022-04-02,34
"Lebanon","National Government",2022-05-06,32,2,"0",2022-04-04,2022-04-04,2022-04-04,2022-04-04,2022-04-04,2022-04-04,2022-04-04,2022-04-04,2022-04-04,2022-04-04,2021-07-31,2021-07-31,2022-04-04,2022-04-04,2022-04-04,2021-07-31,2022-04-04,2022-04-04,2022-04-04,2022-04-04,32
"Lesotho","National Government",2022-05-06,4,0,"0",2022-05-02,2022-05-02,2022-05-02,2022-05-02,2022-05-02,2022-05-02,2022-05-02,2022-05-02,2022-05-02,2022-05-02,2021-08-15,2021-08-15,2022-05-02,2022-05-02,2022-05-02,2021-08-15,2022-05-02,2022-05-02,2022-05-02,2022-05-02,4
"Liberia","National Government",2022-05-06,3.625,0,"0",2022-05-02,2022-05-02,2022-05-02,2022-05-02,2022-05-02,2022-05-02,2022-05-02,2022-05-02,2022-05-02,2022-05-02,2021-08-16,2021-08-16,2022-05-03,2022-05-03,2022-05-03,2021-08-16,2022-05-03,2022-05-03,2022-05-03,2022-05-03,3.625
"Libya","National Government",2022-05-06,18,0,"0",2022-04-18,2022-04-18,2022-04-18,2022-04-18,2022-04-18,2022-04-18,2022-04-18,2022-04-18,2022-04-18,2022-04-18,2021-07-12,2021-07-12,2022-04-18,2022-04-18,2022-04-18,2021-07-12,2022-04-18,2022-04-18,2022-04-18,2022-04-18,18
"Liechtenstein","National Government",2022-05-06,2,0,"0",2022-05-04,2022-05-04,2022-05-04,2022-05-04,2022-05-04,2022-05-04,2022-05-04,2022-05-04,2022-05-04,2022-05-04,2021-05-09,2021-05-09,2022-05-04,2022-05-04,2022-05-04,2021-05-09,2022-05-04,2022-05-04,2022-05-04,2022-05-04,2
"Lithuania","National Government",2022-05-06,12,0,"0",2022-04-24,2022-04-24,2022-04-24,2022-04-24,2022-04-24,2022-04-24,2022-04-24,2022-04-24,2022-04-24,2022-04-24,2021-08-01,2021-08-01,2022-04-24,2022-04-24,2022-04-24,2021-08-01,2022-04-24,2022-04-24,2022-04-24,2022-04-24,12
"Luxembourg","National Government",2022-05-06,5,0,"0",2022-05-01,2022-05-01,2022-05-01,2022-05-01,2022-05-01,2022-05-01,2022-05-01,2022-05-01,2022-05-01,2022-05-01,2021-08-14,2021-08-14,2022-05-01,2022-05-01,2022-05-01,2021-08-14,2022-03-21,2022-05-01,2022-05-01,2022-05-01,5
"Macao","National Government",2022-05-06,35,0,"0",2022-04-01,2022-04-01,2022-04-01,2022-04-01,2022-04-01,2022-04-01,2022-04-01,2022-04-01,2022-04-01,2022-04-01,2021-07-12,2021-07-12,2022-04-01,2022-04-01,2022-04-01,2021-07-12,2022-04-01,2022-04-01,2022-04-01,2022-04-01,35
"Madagascar","National Government",2022-05-06,9.75,2,"0",2022-05-06,2022-05-06,2022-04-24,2022-05-06,2022-04-24,2022-04-24,2022-04-24,2022-04-24,2022-04-24,2022-04-24,2021-08-08,2021-08-08,2022-04-24,2022-04-24,2022-04-24,2021-08-08,2022-04-24,2022-04-24,2022-04-24,2022-04-24,9.75
"Malawi","National Government",2022-05-06,11,0,"0",2022-04-25,2022-04-25,2022-04-25,2022-04-25,2022-04-25,2022-04-25,2022-04-25,2022-04-25,2022-04-25,2022-04-25,2021-08-10,2021-08-10,2022-04-25,2022-04-25,2022-04-25,2021-08-10,2022-04-04,2022-04-25,2022-04-25,2022-04-25,11
"Malaysia","National Government",2022-05-06,11.25,2,"0",2022-04-30,2022-04-30,2022-04-30,2022-04-30,2022-04-23,2022-04-23,2022-04-23,2022-04-23,2022-04-23,2022-04-23,2021-07-19,2021-07-19,2022-04-23,2022-04-23,2022-04-23,2021-07-19,2022-04-23,2022-04-23,2022-04-23,2022-04-23,11.25
"Mali","National Government",2022-05-06,10,3,"7",2022-04-26,2022-04-26,2022-04-26,2022-04-26,2022-04-26,2022-04-26,2022-04-26,2022-04-26,2022-04-26,2022-04-26,2021-08-09,2021-08-09,2022-04-26,2022-04-26,2022-04-26,2021-08-09,2022-04-26,2022-04-26,2022-04-26,2022-04-26,10.4375
"Malta","National Government",2022-05-06,2,1,"0",2022-05-04,2022-05-04,2022-05-04,2022-05-04,2022-05-04,2022-05-04,2022-05-04,2022-05-04,2022-05-04,2022-05-04,2021-04-11,2021-04-11,2022-05-04,2022-05-04,2022-05-04,2021-04-11,2022-03-01,2022-05-04,2022-05-04,2022-05-04,2
"Mauritania","National Government",2022-05-06,5.75,2,"0",2022-04-25,2022-04-25,2022-05-02,2022-05-02,2022-05-02,2022-04-25,2022-05-02,2022-04-25,2022-05-02,2022-05-02,2021-08-16,2021-08-16,2022-05-02,2022-05-02,2022-05-02,2021-08-16,2022-05-02,2022-05-02,2022-05-02,2022-05-02,5.75
"Mauritius","National Government",2022-05-06,9,0,"0",2022-04-27,2022-04-27,2022-04-27,2022-04-27,2022-04-27,2022-04-27,2022-04-27,2022-04-27,2022-04-27,2022-04-27,2021-08-16,2021-08-16,2022-04-27,2022-04-27,2022-04-27,2021-08-16,2022-04-27,2022-04-27,2022-04-27,2022-04-27,9
"Mexico","National Government",2022-05-06,19,1,"0",2022-04-17,2022-04-17,2022-04-17,2022-04-17,2022-04-17,2022-04-17,2022-04-17,2022-04-17,2022-04-17,2022-04-17,2021-08-16,2021-08-16,2022-04-17,2022-04-17,2022-04-17,2021-08-16,2022-04-17,2022-04-17,2022-04-17,2022-04-17,19
"Moldova","National Government",2022-05-06,4,1,"0",2022-05-02,2022-05-02,2022-05-02,2022-05-02,2022-05-02,2022-05-02,2022-05-02,2022-05-02,2022-05-02,2022-05-02,2021-08-14,2021-08-14,2022-05-02,2022-05-02,2022-05-02,2021-08-14,2022-05-02,2022-05-02,2022-05-02,2022-05-02,4
"Monaco","National Government",2022-05-06,12,0,"0",2022-04-24,2022-04-24,2022-04-24,2022-04-24,2022-04-24,2022-04-24,2022-04-24,2022-04-24,2022-04-24,2022-04-24,2021-08-09,2021-08-09,2022-04-24,2022-04-24,2022-04-24,2021-08-09,2022-02-28,2022-04-24,2022-04-24,2022-04-24,12
"Mongolia","National Government",2022-05-06,1,0,"0",2022-05-05,2022-05-05,2022-05-05,2022-05-05,2022-05-05,2022-05-05,2022-05-05,2022-05-05,2022-05-05,2022-05-05,2021-08-16,2021-08-16,2022-05-05,2022-05-05,2022-05-05,2021-08-16,2022-05-05,2022-05-05,2022-05-05,2022-05-05,1
"Morocco","National Government",2022-05-06,11,0,"0",2022-04-25,2022-04-25,2022-04-25,2022-04-25,2022-04-25,2022-04-25,2022-04-25,2022-04-25,2022-04-25,2022-04-25,2021-07-05,2021-07-05,2022-04-25,2022-04-25,2022-04-25,2021-07-05,2022-04-25,2022-04-25,2022-04-25,2022-04-25,11
"Mozambique","National Government",2022-05-06,1,1,"0",2022-05-05,2022-05-05,2022-05-05,2022-05-05,2022-05-05,2022-05-05,2022-05-05,2022-05-05,2022-05-05,2022-05-05,2021-08-04,2021-08-04,2022-05-05,2022-05-05,2022-05-05,2021-08-04,2022-05-05,2022-05-05,2022-05-05,2022-05-05,1
"Myanmar","National Government",2022-05-06,6,0,"0",2022-04-30,2022-04-30,2022-04-30,2022-04-30,2022-04-30,2022-04-30,2022-04-30,2022-04-30,2022-04-30,2022-04-30,2021-08-09,2021-08-09,2022-04-30,2022-04-30,2022-04-30,2021-08-09,2022-04-30,2022-04-30,2022-04-30,2022-04-30,6
"Namibia","National Government",2022-05-06,11,1,"0",2022-04-25,2022-04-25,2022-04-25,2022-04-25,2022-04-25,2022-04-25,2022-04-25,2022-04-25,2022-04-25,2022-04-25,2021-08-15,2021-08-15,2022-04-25,2022-04-25,2022-04-25,2021-08-15,2022-04-25,2022-04-25,2022-04-25,2022-04-25,11
"Nepal","National Government",2022-05-06,11,0,"0",2022-04-25,2022-04-25,2022-04-25,2022-04-25,2022-04-25,2022-04-25,2022-04-25,2022-04-25,2022-04-25,2022-04-25,2021-07-25,2021-07-03,2022-04-25,2022-04-25,2022-04-25,2021-07-03,2022-04-25,2022-04-25,2022-04-25,2022-04-25,11
"Netherlands","National Government",2022-05-06,18,0,"0",2022-04-18,2022-04-18,2022-04-18,2022-04-18,2022-04-18,2022-04-18,2022-04-18,2022-04-18,2022-04-18,2022-04-18,2021-08-13,2021-08-13,2022-04-18,2022-04-18,2022-04-18,2021-08-13,2022-04-18,2022-04-18,2022-04-18,2022-04-18,18
"New Zealand","National Government",2022-05-06,18,7,"0",2022-04-18,2022-04-18,2022-04-18,2022-04-18,2022-04-18,2022-04-18,2022-04-18,2022-04-18,2022-04-18,2022-04-18,2021-08-16,2021-08-16,2022-04-18,2022-04-18,2022-04-18,2021-08-16,2022-04-18,2022-04-18,2022-04-18,2022-04-18,18
"Nicaragua","National Government",2022-05-06,5,1,"0",2022-05-01,2022-05-01,2022-05-01,2022-05-01,2022-05-01,2022-05-01,2022-05-01,2022-05-01,2022-05-01,2022-05-01,2021-08-03,2021-08-03,2022-05-01,2022-05-01,2022-05-01,2021-08-03,2022-05-01,2022-05-01,2022-05-01,2022-05-01,5
"Niger","National Government",2022-05-06,8.375,0,"0",2022-04-29,2022-04-29,2022-04-29,2022-04-29,2022-04-29,2022-04-29,2022-04-29,2022-04-29,2022-04-18,2022-04-18,2021-08-16,2021-08-16,2022-04-29,2022-04-29,2022-04-29,2021-08-16,2022-04-18,2022-04-29,2022-04-29,2022-04-29,8.375
"Nigeria","National Government",2022-05-06,18,0,"0",2022-04-18,2022-04-18,2022-04-18,2022-04-18,2022-04-18,2022-04-18,2022-04-18,2022-04-18,2022-04-18,2022-04-18,2021-08-14,2021-08-14,2022-04-18,2022-04-18,2022-04-18,2021-08-14,2022-04-18,2022-04-18,2022-04-18,2022-04-18,18
"Norway","National Government",2022-05-06,18,0,"0",2022-04-18,2022-04-18,2022-04-18,2022-04-18,2022-04-18,2022-04-18,2022-04-18,2022-04-18,2022-04-18,2022-04-18,2021-08-13,2021-08-13,2022-04-18,2022-04-18,2022-04-18,2021-08-13,2022-04-18,2022-04-18,2022-04-18,2022-04-18,18
"Oman","National Government",2022-05-06,4,0,"0",2022-05-02,2022-05-02,2022-05-02,2022-05-02,2022-05-02,2022-05-02,2022-05-02,2022-05-02,2022-05-02,2022-05-02,2021-08-15,2021-08-15,2022-05-02,2022-05-02,2022-05-02,2021-08-15,2022-05-02,2022-05-02,2022-05-02,2022-05-02,4
"Pakistan","National Government",2022-05-06,4,2,"0",2022-05-02,2022-05-02,2022-05-02,2022-05-02,2022-05-02,2022-05-02,2022-05-02,2022-05-02,2022-05-02,2022-05-02,2021-08-16,2021-08-16,2022-05-02,2022-05-02,2022-05-02,2021-08-16,2022-05-02,2022-05-02,2022-05-02,2022-05-02,4
"Palestine","National Government",2022-05-06,1,0,"0",2022-05-05,2022-05-05,2022-05-05,2022-05-05,2022-05-05,2022-05-05,2022-05-05,2022-05-05,2022-05-05,2022-05-05,2021-08-02,2021-08-02,2022-05-05,2022-05-05,2022-05-05,2021-08-02,2022-05-05,2022-05-05,2022-05-05,2022-05-05,1
"Panama","National Government",2022-05-06,19,0,"0",2022-04-17,2022-04-17,2022-04-17,2022-04-17,2022-04-17,2022-04-17,2022-04-17,2022-04-17,2022-04-17,2022-04-17,2021-08-02,2021-08-02,2022-04-17,2022-04-17,2022-04-17,2021-08-02,2022-04-17,2022-04-17,2022-04-17,2022-04-17,19
"Papua New Guinea","National Government",2022-05-06,11,0,"0",2022-04-25,2022-04-25,2022-04-25,2022-04-25,2022-04-25,2022-04-25,2022-04-25,2022-04-25,2022-04-25,2022-04-25,2021-08-06,2021-08-06,2022-04-25,2022-04-25,2022-04-25,2021-08-06,2022-04-25,2022-04-25,2022-04-25,2022-04-25,11
"Paraguay","National Government",2022-05-06,4,0,"0",2022-05-02,2022-05-02,2022-05-02,2022-05-02,2022-05-02,2022-05-02,2022-05-02,2022-05-02,2022-05-02,2022-05-02,2021-07-03,2021-07-03,2022-05-02,2022-05-02,2022-05-02,2021-07-03,2022-05-02,2022-05-02,2022-05-02,2022-05-02,4
"Peru","National Government",2022-05-06,12,0,"0",2022-04-24,2022-04-24,2022-04-24,2022-04-24,2022-04-24,2022-04-24,2022-04-24,2022-04-24,2022-04-24,2022-04-24,2021-08-15,2021-08-15,2022-04-24,2022-04-24,2022-04-24,2021-08-15,2022-04-24,2022-04-24,2022-04-24,2022-04-24,12
"Philippines","National Government",2022-05-06,5.625,0,"0",2022-04-30,2022-04-30,2022-04-30,2022-04-30,2022-04-30,2022-04-30,2022-04-30,2022-05-02,2022-05-02,2022-05-02,2021-08-11,2021-08-11,2022-04-30,2022-04-30,2022-04-30,2021-08-11,2022-04-30,2022-04-30,2022-04-30,2022-04-30,5.625
"Poland","National Government",2022-05-06,0.9375,6,"0",2022-05-05,2022-05-05,2022-05-05,2022-05-05,2022-05-05,2022-05-05,2022-05-05,2022-05-06,2022-05-05,2022-05-05,2021-08-13,2021-08-13,2022-05-05,2022-05-05,2022-05-05,2021-08-13,2022-05-05,2022-05-05,2022-05-05,2022-05-05,0.9375
"Portugal","National Government",2022-05-06,4,0,"0",2022-05-02,2022-05-02,2022-05-02,2022-05-02,2022-05-02,2022-05-02,2022-05-02,2022-05-02,2022-05-02,2022-05-02,2021-08-12,2021-08-12,2022-05-02,2022-05-02,2022-05-02,2021-08-12,2022-05-02,2022-05-02,2022-05-02,2022-05-02,4
"Puerto Rico","National Government",2022-05-06,11,0,"0",2022-04-25,2022-04-25,2022-04-25,2022-04-25,2022-04-25,2022-04-25,2022-04-25,2022-04-25,2022-04-25,2022-04-25,2021-08-09,2021-08-09,2022-04-25,2022-04-25,2022-04-25,2021-08-09,2022-04-25,2022-04-25,2022-04-25,2022-04-25,11
"Qatar","National Government",2022-05-06,18,0,"0",2022-04-18,2022-04-18,2022-04-18,2022-04-18,2022-04-18,2022-04-18,2022-04-18,2022-04-18,2022-04-18,2022-04-18,2021-07-19,2021-07-19,2022-04-18,2022-04-18,2022-04-18,2021-07-19,2022-04-18,2022-04-18,2022-04-18,2022-04-18,18
"Romania","National Government",2022-05-06,4,0,"0",2022-05-02,2022-05-02,2022-05-02,2022-05-02,2022-05-02,2022-05-02,2022-05-02,2022-05-02,2022-05-02,2022-05-02,2021-08-08,2021-08-08,2022-05-02,2022-05-02,2022-05-02,2021-08-08,2022-05-02,2022-05-02,2022-05-02,2022-05-02,4
"Russia","National Government",2022-05-06,4,0,"0",2022-05-02,2022-05-02,2022-05-02,2022-05-02,2022-05-02,2022-05-02,2022-05-02,2022-05-02,2022-05-02,2022-05-02,2021-08-09,2021-08-09,2022-05-02,2022-05-02,2022-05-02,2021-08-01,2022-05-02,2022-05-02,2022-05-02,2022-05-02,4
"Rwanda","National Government",2022-05-06,4.875,2,"0",2022-05-02,2022-05-02,2022-05-02,2022-05-02,2022-05-02,2022-05-02,2022-05-02,2022-05-02,2022-05-02,2022-05-02,2021-08-16,2021-08-16,2022-05-02,2022-05-02,2022-05-02,2021-08-16,2022-05-02,2022-04-18,2022-05-02,2022-05-02,4.875
"San Marino","National Government",2022-05-06,25,0,"0",2022-04-11,2022-04-11,2022-04-11,2022-04-11,2022-04-11,2022-04-11,2022-04-11,2022-04-11,2022-04-11,2022-04-11,2021-08-15,2021-08-15,2022-04-11,2022-04-11,2022-04-11,2021-08-15,2022-04-11,2022-04-11,2022-04-11,2022-04-11,25
"Saudi Arabia","National Government",2022-05-06,25,0,"0",2022-04-11,2022-04-11,2022-04-11,2022-04-11,2022-04-11,2022-04-11,2022-04-11,2022-04-11,2022-04-11,2022-04-11,2021-07-26,2021-07-26,2022-04-11,2022-04-11,2022-04-11,2021-07-26,2022-04-11,2022-04-11,2022-04-11,2022-04-11,25
"Senegal","National Government",2022-05-06,4,2,"0",2022-05-02,2022-05-02,2022-05-02,2022-05-02,2022-05-02,2022-05-02,2022-05-02,2022-05-02,2022-05-02,2022-05-02,2021-08-16,2021-08-16,2022-05-02,2022-05-02,2022-05-02,2021-08-16,2022-05-02,2022-05-02,2022-05-02,2022-05-02,4
"Serbia","National Government",2022-05-06,11,2,"0",2022-04-25,2022-04-25,2022-04-25,2022-04-25,2022-04-25,2022-04-25,2022-04-25,2022-04-25,2022-04-25,2022-04-25,2021-07-30,2021-07-30,2022-04-25,2022-04-25,2022-04-25,2021-07-30,2022-04-25,2022-04-25,2022-04-25,2022-04-25,11
"Seychelles","National Government",2022-05-06,11,0,"0",2022-04-25,2022-04-25,2022-04-25,2022-04-25,2022-04-25,2022-04-25,2022-04-25,2022-04-25,2022-04-25,2022-04-25,2021-08-10,2021-08-10,2022-04-25,2022-04-25,2022-04-25,2021-08-10,2022-04-25,2022-04-25,2022-04-25,2022-04-25,11
"Sierra Leone","National Government",2022-05-06,4,0,"0",2022-05-02,2022-05-02,2022-05-02,2022-05-02,2022-05-02,2022-05-02,2022-05-02,2022-05-02,2022-05-02,2022-05-02,2021-08-09,2021-08-09,2022-05-02,2022-05-02,2022-05-02,2021-08-09,2022-05-02,2022-05-02,2022-05-02,2022-05-02,4
"Singapore","National Government",2022-05-06,2,0,"0",2022-05-04,2022-05-04,2022-05-04,2022-05-04,2022-05-04,2022-05-04,2022-05-04,2022-05-04,2022-05-04,2022-05-04,2021-08-13,2021-08-13,2022-05-04,2022-05-04,2022-05-04,2021-08-13,2022-05-04,2022-05-04,2022-05-04,2022-05-04,2
"Slovak Republic","National Government",2022-05-06,11,0,"0",2022-04-25,2022-04-25,2022-04-25,2022-04-25,2022-04-25,2022-04-25,2022-04-25,2022-04-25,2022-04-25,2022-04-25,2021-08-07,2021-08-07,2022-04-25,2022-04-25,2022-04-25,2021-08-07,2022-04-25,2022-04-25,2022-04-25,2022-04-25,11
"Slovenia","National Government",2022-05-06,6,1,"0",2022-04-30,2022-04-30,2022-04-30,2022-04-30,2022-04-30,2022-04-30,2022-04-30,2022-04-30,2022-04-30,2022-04-30,2021-08-16,2021-08-16,2022-04-30,2022-04-30,2022-04-30,2021-08-16,2022-04-30,2022-04-30,2022-04-30,2022-04-30,6
"Solomon Islands","National Government",2022-05-06,12,0,"0",2022-04-24,2022-04-24,2022-04-24,2022-04-24,2022-04-24,2022-04-24,2022-04-24,2022-04-24,2022-04-24,2022-04-24,2021-07-19,2021-07-19,2022-04-24,2022-04-24,2022-04-24,2021-07-19,2022-04-24,2022-04-24,2022-04-24,2022-04-24,12
"Somalia","National Government",2022-05-06,18,0,"0",2022-04-18,2022-04-18,2022-04-18,2022-04-18,2022-04-18,2022-04-18,2022-04-18,2022-04-18,2022-04-18,2022-04-18,2021-08-08,2021-08-08,2022-04-18,2022-04-18,2022-04-18,2021-08-08,2022-04-18,2022-04-18,2022-04-18,2022-04-18,18
"South Africa","National Government",2022-05-06,4,2,"0",2022-05-02,2022-05-02,2022-05-02,2022-05-02,2022-05-02,2022-05-02,2022-05-02,2022-05-02,2022-05-02,2022-05-02,2021-08-15,2021-08-15,2022-05-02,2022-05-02,2022-05-02,2021-08-15,2022-05-02,2022-05-02,2022-05-02,2022-05-02,4
"South Korea","National Government",2022-05-06,5,0,"0",2022-05-01,2022-05-01,2022-05-01,2022-05-01,2022-05-01,2022-05-01,2022-05-01,2022-05-01,2022-05-01,2022-05-01,2021-08-15,2021-08-15,2022-05-01,2022-05-01,2022-05-01,2021-08-15,2022-05-01,2022-05-01,2022-05-01,2022-05-01,5
"South Sudan","National Government",2022-05-06,11,0,"0",2022-04-25,2022-04-25,2022-04-25,2022-04-25,2022-04-25,2022-04-25,2022-04-25,2022-04-25,2022-04-25,2022-04-25,2021-08-16,2021-08-16,2022-04-25,2022-04-25,2022-04-25,2021-08-16,2022-04-25,2022-04-25,2022-04-25,2022-04-25,11
"Spain","National Government",2022-05-06,50.875,0,"0",2022-03-21,2022-03-21,2022-03-21,2022-03-15,2022-03-15,2022-03-15,2022-03-15,2022-03-15,2022-03-15,2022-03-15,2021-08-16,2021-08-16,2022-03-15,2022-03-15,2022-03-15,2021-08-16,2022-03-15,2022-03-15,2022-03-15,2022-03-15,50.875
"Sri Lanka","National Government",2022-05-06,18,0,"0",2022-04-18,2022-04-18,2022-04-18,2022-04-18,2022-04-18,2022-04-18,2022-04-18,2022-04-18,2022-04-18,2022-04-18,2021-08-08,2021-08-08,2022-04-18,2022-04-18,2022-04-18,2021-08-08,2022-03-07,2022-04-18,2022-04-18,2022-04-18,18
"Sudan","National Government",2022-05-06,14,0,"0",2022-04-22,2022-04-22,2022-04-22,2022-04-22,2022-04-22,2022-04-22,2022-04-22,2022-04-22,2022-04-22,2022-04-22,2021-07-18,2021-07-18,2022-04-22,2022-04-22,2022-04-22,2021-07-18,2022-04-22,2022-04-22,2022-04-22,2022-04-22,14
"Suriname","National Government",2022-05-06,4,0,"0",2022-05-02,2022-05-02,2022-05-02,2022-05-02,2022-05-02,2022-05-02,2022-05-02,2022-05-02,2022-05-02,2022-05-02,2021-06-12,2021-06-12,2022-05-02,2022-05-02,2022-05-02,2021-06-12,2022-05-02,2022-05-02,2022-05-02,2022-05-02,4
"Sweden","National Government",2022-05-06,4,1,"0",2022-05-02,2022-05-02,2022-05-02,2022-05-02,2022-05-02,2022-05-02,2022-05-02,2022-05-02,2022-05-02,2022-05-02,2021-08-16,2021-08-16,2022-05-02,2022-05-02,2022-05-02,2021-08-16,2022-05-02,2022-05-02,2022-05-02,2022-05-02,4
"Switzerland","National Government",2022-05-06,18,1,"0",2022-04-18,2022-04-18,2022-04-18,2022-04-18,2022-04-18,2022-04-18,2022-04-18,2022-04-18,2022-04-18,2022-04-18,2021-08-16,2021-08-16,2022-04-18,2022-04-18,2022-04-18,2021-08-16,2022-04-18,2022-04-18,2022-04-18,2022-04-18,18
"Syria","National Government",2022-05-06,22,1,"0",2022-04-14,2022-04-14,2022-04-14,2022-04-14,2022-04-14,2022-04-14,2022-04-14,2022-04-14,2022-04-14,2022-04-14,2021-08-10,2021-08-10,2022-04-14,2022-04-14,2022-04-14,2021-08-10,2022-04-14,2022-04-14,2022-04-14,2022-04-14,22
"Taiwan","National Government",2022-05-06,5,0,"0",2022-05-01,2022-05-01,2022-05-01,2022-05-01,2022-05-01,2022-05-01,2022-05-01,2022-05-01,2022-05-01,2022-05-01,2021-08-11,2021-08-11,2022-05-01,2022-05-01,2022-05-01,2021-08-11,2022-03-22,2022-05-01,2022-05-01,2022-05-01,5
"Tajikistan","National Government",2022-05-06,16,0,"0",2022-04-20,2022-04-20,2022-04-20,2022-04-20,2022-04-20,2022-04-20,2022-04-20,2022-04-20,2022-04-20,2022-04-20,2021-08-15,2021-08-15,2022-04-20,2022-04-20,2022-04-20,2021-08-15,2022-04-20,2022-04-20,2022-04-20,2022-04-20,16
"Tanzania","National Government",2022-05-06,11,0,"0",2022-04-25,2022-04-25,2022-04-25,2022-04-25,2022-04-25,2022-04-25,2022-04-25,2022-04-25,2022-04-25,2022-04-25,2021-08-08,2021-08-08,2022-04-25,2022-04-25,2022-04-25,2021-08-08,2022-04-25,2022-04-25,2022-04-25,2022-04-25,11
"Thailand","National Government",2022-05-06,6,2,"0",2022-04-30,2022-04-30,2022-04-30,2022-04-30,2022-04-30,2022-04-30,2022-04-30,2022-04-30,2022-04-30,2022-04-30,2021-08-16,2021-08-16,2022-04-30,2022-04-30,2022-04-30,2021-08-16,2022-04-30,2022-04-30,2022-04-30,2022-04-30,6
"Timor-Leste","National Government",2022-05-06,4,0,"1",2022-05-02,2022-05-02,2022-05-02,2022-05-02,2022-05-02,2022-05-02,2022-05-02,2022-05-02,2022-05-02,2022-05-02,2021-08-15,2021-08-15,2022-05-02,2022-05-02,2022-05-02,2021-08-15,2022-05-02,2022-05-02,2022-05-02,2022-05-02,4.0625
"Togo","National Government",2022-05-06,16.6875,1,"0",2022-04-26,2022-04-26,2022-04-26,2022-04-05,2022-04-26,2022-04-26,2022-04-26,2022-04-26,2022-03-14,2022-03-14,2021-08-16,2021-08-02,2022-04-26,2022-04-26,2022-04-26,2021-08-02,2022-03-14,2022-04-26,2022-04-26,2022-04-26,16.6875
"Tonga","National Government",2022-05-06,4,0,"0",2022-05-02,2022-05-02,2022-05-02,2022-05-02,2022-05-02,2022-05-02,2022-05-02,2022-05-02,2022-05-02,2022-05-02,2021-07-26,2021-07-26,2022-05-02,2022-05-02,2022-05-02,2021-07-26,2022-05-02,2022-05-02,2022-05-02,2022-05-02,4
"Trinidad and Tobago","National Government",2022-05-06,19,0,"0",2022-04-17,2022-04-17,2022-04-17,2022-04-17,2022-04-17,2022-04-17,2022-04-17,2022-04-17,2022-04-17,2022-04-17,2021-06-21,2021-06-21,2022-04-17,2022-04-17,2022-04-17,2021-06-21,2022-03-13,2022-04-17,2022-04-17,2022-04-17,19
"Tunisia","National Government",2022-05-06,25,1,"0",2022-04-11,2022-04-11,2022-04-11,2022-04-11,2022-04-11,2022-04-11,2022-04-11,2022-04-11,2022-04-11,2022-04-11,2021-07-25,2021-07-23,2022-04-11,2022-04-11,2022-04-11,2021-07-25,2022-04-11,2022-04-11,2022-04-11,2022-04-11,25
"Turkey","National Government",2022-05-06,4,2,"0",2022-05-02,2022-05-02,2022-05-02,2022-05-02,2022-05-02,2022-05-02,2022-05-02,2022-05-02,2022-05-02,2022-05-02,2021-08-11,2021-08-11,2022-05-02,2022-05-02,2022-05-02,2021-08-11,2022-05-02,2022-05-02,2022-05-02,2022-05-02,4
"Turkmenistan","National Government",2022-05-06,32,0,"0",2022-04-04,2022-04-04,2022-04-04,2022-04-04,2022-04-04,2022-04-04,2022-04-04,2022-04-04,2022-04-04,2022-04-04,2021-08-09,2021-08-09,2022-04-04,2022-04-04,2022-04-04,2021-08-09,2022-03-15,2022-04-04,2022-04-04,2022-04-04,32
"Uganda","National Government",2022-05-06,18,0,"0",2022-04-18,2022-04-18,2022-04-18,2022-04-18,2022-04-18,2022-04-18,2022-04-18,2022-04-18,2022-04-18,2022-04-18,2021-08-10,2021-08-10,2022-04-18,2022-04-18,2022-04-18,2021-08-10,2022-04-18,2022-04-18,2022-04-18,2022-04-18,18
"Ukraine","National Government",2022-05-06,12,2,"0",2022-04-24,2022-04-24,2022-04-24,2022-04-24,2022-04-24,2022-04-24,2022-04-24,2022-04-24,2022-04-24,2022-04-24,2021-08-01,2021-08-01,2022-04-24,2022-04-24,2022-04-24,2021-08-01,2022-04-24,2022-04-24,2022-04-24,2022-04-24,12
"United Arab Emirates","National Government",2022-05-06,18,0,"0",2022-04-18,2022-04-18,2022-04-18,2022-04-18,2022-04-18,2022-04-18,2022-04-18,2022-04-18,2022-04-18,2022-04-18,2021-08-16,2021-08-16,2022-04-18,2022-04-18,2022-04-18,2021-08-16,2022-04-18,2022-04-18,2022-04-18,2022-04-18,18
"United Kingdom","National Government",2022-05-06,7,0,"0",2022-04-29,2022-04-29,2022-04-29,2022-04-29,2022-04-29,2022-04-29,2022-04-29,2022-04-29,2022-04-29,2022-04-29,2021-08-13,2021-08-13,2022-04-29,2022-04-29,2022-04-29,2021-08-13,2022-04-29,2022-04-29,2022-04-29,2022-04-29,7
"United Kingdom","England",2022-05-06,7,0,"20",2022-04-29,2022-04-29,2022-04-29,2022-04-29,2022-04-29,2022-04-29,2022-04-29,2022-04-29,2022-04-29,2022-04-29,2021-08-13,2021-08-13,2022-04-29,2022-04-29,2022-04-29,2021-08-13,2022-04-29,2022-04-29,2022-04-29,2022-04-29,8.25
"United Kingdom","Northern Ireland",2022-05-06,7,0,"20",2022-04-29,2022-04-29,2022-04-29,2022-04-29,2022-04-29,2022-04-29,2022-04-29,2022-04-29,2022-04-29,2022-04-29,2021-08-13,2021-08-13,2022-04-29,2022-04-29,2022-04-29,2021-08-13,2022-04-29,2022-04-29,2022-04-29,2022-04-29,8.25
"United Kingdom","Scotland",2022-05-06,7,0,"21",2022-04-29,2022-04-29,2022-04-29,2022-04-29,2022-04-29,2022-04-29,2022-04-29,2022-04-29,2022-04-29,2022-04-29,2021-08-13,2021-08-13,2022-04-29,2022-04-29,2022-04-29,2021-08-13,2022-04-29,2022-04-29,2022-04-29,2022-04-29,8.3125
"United Kingdom","Wales",2022-05-06,7,0,"21",2022-04-29,2022-04-29,2022-04-29,2022-04-29,2022-04-29,2022-04-29,2022-04-29,2022-04-29,2022-04-29,2022-04-29,2021-08-13,2021-08-13,2022-04-29,2022-04-29,2022-04-29,2021-08-13,2022-04-29,2022-04-29,2022-04-29,2022-04-29,8.3125
"United States","Michigan",2022-05-06,14.625,0,"0",2022-04-20,2022-04-20,2022-04-20,2022-04-20,2022-04-20,2022-04-20,2022-04-20,2022-04-20,2022-05-01,2022-05-01,2021-08-16,2021-08-16,2022-04-20,2022-04-20,2022-04-20,2021-08-16,2022-02-28,2022-04-20,2022-04-20,2022-04-20,14.625
"United States","Nebraska",2022-05-06,13,1,"0",2022-04-23,2022-04-23,2022-04-23,2022-04-23,2022-04-23,2022-04-23,2022-04-23,2022-04-23,2022-04-23,2022-04-23,-Inf,-Inf,2022-04-23,2022-04-23,2022-04-23,-Inf,2021-09-20,2022-04-23,2022-04-23,2022-04-23,13
"United States","Oregon",2022-05-06,13,12,"0",2022-04-23,2022-04-23,2022-04-23,2022-04-23,2022-04-23,2022-04-23,2022-04-23,2022-04-23,2022-04-23,2022-04-23,2021-04-11,2021-04-11,2022-04-23,2022-04-23,2022-04-23,2021-06-28,2021-11-22,2022-04-23,2022-04-23,2022-04-23,13
"United States","Louisiana",2022-05-06,12.375,9,"32",2022-05-01,2022-05-01,2022-05-01,2022-05-01,2022-05-01,2022-04-21,2022-05-01,2022-04-03,2022-04-21,2022-04-21,-Inf,-Inf,2022-04-21,2022-04-21,2022-04-21,-Inf,-Inf,2022-04-21,2022-04-21,2022-04-21,14.375
"United States","Indiana",2022-05-06,12,12,"0",2022-04-24,2022-04-24,2022-04-24,2022-04-24,2022-04-24,2022-04-24,2022-04-24,2022-04-24,2022-04-24,2022-04-24,2021-08-08,2021-08-08,2022-04-24,2022-04-24,2022-04-24,2021-08-08,2021-10-11,2022-04-24,2022-04-24,2022-04-24,12
"United States","Arizona",2022-05-06,11,7,"0",2022-04-25,2022-04-25,2022-04-25,2022-04-25,2022-04-25,2022-04-25,2022-04-25,2022-04-25,2022-04-25,2022-04-25,2021-07-05,2021-07-05,2022-04-25,2022-04-25,2022-04-25,2021-07-05,2022-02-07,2022-04-25,2022-04-25,2022-04-25,11
"United States","Colorado",2022-05-06,11,0,"0",2022-04-25,2022-04-25,2022-04-25,2022-04-25,2022-04-25,2022-04-25,2022-04-25,2022-04-25,2022-04-25,2022-04-25,-Inf,-Inf,2022-04-25,2022-04-25,2022-04-25,-Inf,2022-03-28,2022-04-25,2022-04-25,2022-04-25,11
"United States","Connecticut",2022-05-06,11,0,"0",2022-04-25,2022-04-25,2022-04-25,2022-04-25,2022-04-25,2022-04-25,2022-04-25,2022-04-25,2022-04-25,2022-04-25,2021-03-15,-Inf,2022-04-25,2022-04-25,2022-04-25,2021-02-04,2021-12-10,2022-04-25,2022-04-25,2022-04-25,11
"United States","Illinois",2022-05-06,11,9,"0",2022-04-25,2022-04-25,2022-04-25,2022-04-25,2022-04-25,2022-04-25,2022-04-25,2022-04-25,2022-04-25,2022-04-25,2021-08-16,2021-08-16,2022-04-25,2022-04-25,2022-04-25,2021-08-16,2021-09-27,2022-04-25,2022-04-25,2022-04-25,11
"United States","Minnesota",2022-05-06,11,7,"140",2022-04-25,2022-04-25,2022-04-25,2022-04-25,2022-04-25,2022-04-25,2022-04-25,2022-04-25,2022-04-25,2022-04-25,2020-12-06,2020-12-06,2022-04-25,2022-04-25,2022-04-25,2020-12-06,2020-12-06,2022-04-25,2022-04-25,2022-04-25,19.75
"United States","North Carolina",2022-05-06,11,0,"1",2022-04-25,2022-04-25,2022-04-25,2022-04-25,2022-04-25,2022-04-25,2022-04-25,2022-04-25,2022-04-25,2022-04-25,-Inf,-Inf,2022-04-25,2022-04-25,2022-04-25,-Inf,-Inf,2022-04-25,2022-04-25,2022-04-25,11.0625
"United States","New Mexico",2022-05-06,11,7,"0",2022-04-25,2022-04-25,2022-04-25,2022-04-25,2022-04-25,2022-04-25,2022-04-25,2022-04-25,2022-04-25,2022-04-25,2021-07-06,2021-07-06,2022-04-25,2022-04-25,2022-04-25,2021-07-06,2021-11-15,2022-04-25,2022-04-25,2022-04-25,11
"United States","Nevada",2022-05-06,11,8,"128",2022-04-25,2022-04-25,2022-04-25,2022-04-25,2022-04-25,2022-04-25,2022-04-25,2022-04-25,2022-04-25,2022-04-25,2021-07-07,2021-07-07,2022-04-25,2022-04-25,2022-04-25,2021-07-07,2021-07-07,2022-04-25,2022-04-25,2022-04-25,19
"United States","Vermont",2022-05-06,11,9,"4",2022-04-25,2022-04-25,2022-04-25,2022-04-25,2022-04-25,2022-04-25,2022-04-25,2022-04-25,2022-04-25,2022-04-25,-Inf,-Inf,2022-04-25,2022-04-25,2022-04-25,-Inf,2022-04-25,2022-04-25,2022-04-25,2022-04-25,11.25
"United States","Wisconsin",2022-05-06,11,0,"7",2022-04-25,2022-04-25,2022-04-25,2022-04-25,2022-04-25,2022-04-25,2022-04-25,2022-04-25,2022-04-25,2022-04-25,2021-08-08,2021-08-08,2022-04-25,2022-04-25,2022-04-25,2021-08-08,2022-02-21,2022-04-25,2022-04-25,2022-04-25,11.4375
"United States","Wyoming",2022-05-06,10.5,11,"0",2022-04-25,2022-04-25,2022-04-25,2022-04-25,2022-05-03,2022-04-25,2022-04-25,2022-04-25,2022-04-25,2022-04-25,2020-08-06,2020-08-06,2022-04-25,2022-04-25,2022-04-25,-Inf,2020-07-24,2022-04-25,2022-04-25,2022-04-25,10.5
"United States","Maryland",2022-05-06,10,0,"12",2022-04-26,2022-04-26,2022-04-26,2022-04-26,2022-04-26,2022-04-26,2022-04-26,2022-04-26,2022-04-26,2022-04-26,2021-02-12,2020-12-07,2022-04-26,2022-04-26,2022-04-26,2020-12-07,2020-12-07,2022-04-26,2022-04-26,2022-04-26,10.75
"United States","Pennsylvania",2022-05-06,9.5,0,"0",2022-04-27,2022-04-27,2022-04-27,2022-04-27,2022-04-19,2022-04-27,2022-04-27,2022-04-27,2022-04-27,2022-04-27,2021-05-08,2021-05-08,2022-04-27,2022-04-27,2022-04-27,2021-05-08,2022-04-27,2022-04-27,2022-04-27,2022-04-27,9.5
"United States","South Carolina",2022-05-06,9.25,8,"385",2022-05-02,2022-05-02,2022-05-02,2022-05-02,2022-05-02,2022-05-02,2022-05-02,2022-05-02,2022-03-21,2022-03-21,2021-08-16,2021-08-16,2022-05-02,2022-05-02,2022-05-02,2021-08-16,2021-08-23,2022-05-02,2022-05-02,2022-05-02,33.3125
"United States","Alabama",2022-05-06,9,8,"80",2022-04-27,2022-04-27,2022-04-27,2022-04-27,2022-04-27,2022-04-27,2022-04-27,2022-04-27,2022-04-27,2022-04-27,2021-04-05,2021-04-05,2022-04-27,2022-04-27,2022-04-27,2021-04-05,2022-03-16,2022-04-27,2022-04-27,2022-04-27,14
"United States","Oklahoma",2022-05-06,9,9,"384",2022-04-27,2022-04-27,2022-04-27,2022-04-27,2022-04-27,2022-04-27,2022-04-27,2022-04-27,2022-04-27,2022-04-27,2021-08-02,2021-08-02,2022-04-27,2022-04-27,2022-04-27,2021-08-02,2021-10-11,2022-04-27,2022-04-27,2022-04-27,33
"United States","Ohio",2022-05-06,8.75,0,"83",2022-05-02,2022-05-02,2022-05-02,2022-04-18,2022-05-02,2022-05-02,2022-04-12,2022-05-02,2022-04-18,2022-05-02,-Inf,-Inf,2022-05-02,2022-05-02,2022-05-02,-Inf,2022-04-18,2022-04-18,2022-05-02,2022-04-18,13.9375
"United States","Arkansas",2022-05-06,8.3125,7,"0",2022-04-29,2022-04-29,2022-04-29,2022-04-29,2022-04-29,2022-04-29,2022-04-29,2022-04-08,2022-04-29,2022-04-29,2021-08-15,2021-08-15,2022-04-29,2022-04-29,2022-04-29,2021-08-15,2022-03-22,2022-04-29,2022-04-29,2022-04-29,8.3125
"United States","Florida",2022-05-06,8,1,"0",2022-04-28,2022-04-28,2022-04-28,2022-04-28,2022-04-28,2022-04-28,2022-04-28,2022-04-28,2022-04-28,2022-04-28,2021-08-16,2021-08-16,2022-04-28,2022-04-28,2022-04-28,2021-08-16,2022-04-17,2022-04-28,2022-04-28,2022-04-28,8
"United States","Iowa",2022-05-06,7,4,"0",2022-04-29,2022-04-29,2022-04-29,2022-04-29,2022-04-29,2022-04-29,2022-04-29,2022-04-29,2022-04-29,2022-04-29,2020-08-19,2020-08-19,2022-04-29,2022-04-29,2022-04-29,2020-08-11,2021-11-01,2022-04-29,2022-04-29,2022-04-29,7
"United States","Alaska",2022-05-06,6.6875,0,"0",2022-05-01,2022-05-01,2022-05-01,2022-05-01,2022-05-01,2022-05-01,2022-05-01,2022-05-01,2022-05-01,2022-04-04,2021-08-04,2021-08-04,2022-05-01,2022-05-01,2022-05-01,2021-08-04,2021-10-04,2022-05-01,2022-05-01,2022-05-01,6.6875
"United States","Georgia",2022-05-06,5,1,"1",2022-05-01,2022-05-01,2022-05-01,2022-05-01,2022-05-01,2022-05-01,2022-05-01,2022-05-01,2022-05-01,2022-05-01,2021-08-17,2021-08-17,2022-05-01,2022-05-01,2022-05-01,2021-08-17,2022-04-19,2022-05-01,2022-05-01,2022-05-01,5.0625
"United States","Texas",2022-05-06,5,0,"1",2022-05-01,2022-05-01,2022-05-01,2022-05-01,2022-05-01,2022-05-01,2022-05-01,2022-05-01,2022-05-01,2022-05-01,2021-08-02,2021-08-02,2022-05-01,2022-05-01,2022-05-01,2021-08-02,2022-03-01,2022-05-01,2022-05-01,2022-05-01,5.0625
"United States","Utah",2022-05-06,5,0,"0",2022-05-01,2022-05-01,2022-05-01,2022-05-01,2022-05-01,2022-05-01,2022-05-01,2022-05-01,2022-05-01,2022-05-01,2021-07-07,2021-07-07,2022-05-01,2022-05-01,2022-05-01,2021-07-08,2022-03-14,2022-05-01,2022-05-01,2022-05-01,5
"United States","National Government",2022-05-06,4.25,0,"0",2022-05-04,2022-05-04,2022-05-04,2022-05-04,2022-05-04,2022-05-04,2022-05-04,2022-04-25,2022-04-25,2022-04-25,2021-07-05,2021-07-05,2022-04-25,2022-05-04,2022-05-04,2021-07-05,2021-12-01,2022-05-04,2022-05-04,2022-05-04,4.25
"United States","Delaware",2022-05-06,4,0,"2",2022-05-02,2022-05-02,2022-05-02,2022-05-02,2022-05-02,2022-05-02,2022-05-02,2022-05-02,2022-05-02,2022-05-02,2021-05-16,2021-05-16,2022-05-02,2022-05-02,2022-05-02,2021-05-16,2021-10-25,2022-05-02,2022-05-02,2022-05-02,4.125
"United States","Idaho",2022-05-06,4,0,"23",2022-05-02,2022-05-02,2022-05-02,2022-05-02,2022-05-02,2022-05-02,2022-05-02,2022-05-02,2022-05-02,2022-05-02,-Inf,-Inf,2022-05-02,2022-05-02,2022-05-02,2020-03-06,2022-02-14,2022-05-02,2022-05-02,2022-05-02,5.4375
"United States","Kansas",2022-05-06,4,1,"9",2022-05-02,2022-05-02,2022-05-02,2022-05-02,2022-05-02,2022-05-02,2022-05-02,2022-05-02,2022-05-02,2022-05-02,-Inf,-Inf,2022-05-02,2022-05-02,2022-05-02,-Inf,2022-04-11,2022-05-02,2022-05-02,2022-05-02,4.5625
"United States","Kentucky",2022-05-06,4,0,"0",2022-05-02,2022-05-02,2022-05-02,2022-05-02,2022-05-02,2022-05-02,2022-05-02,2022-05-02,2022-05-02,2022-05-02,2021-02-22,2021-02-22,2022-05-02,2022-05-02,2022-05-02,2021-02-22,2022-04-11,2022-05-02,2022-05-02,2022-05-02,4
"United States","Maine",2022-05-06,4,1,"1",2022-05-02,2022-05-02,2022-05-02,2022-05-02,2022-05-02,2022-05-02,2022-05-02,2022-05-02,2022-05-02,2022-05-02,2021-03-22,2021-03-22,2022-05-02,2022-05-02,2022-05-02,2021-03-22,2021-03-22,2022-05-02,2022-05-02,2022-05-02,4.0625
"United States","Mississippi",2022-05-06,4,0,"8",2022-05-02,2022-05-02,2022-05-02,2022-05-02,2022-05-02,2022-05-02,2022-05-02,2022-05-02,2022-05-02,2022-05-02,-Inf,-Inf,2022-05-02,2022-05-02,2022-05-02,-Inf,2022-04-26,2022-05-02,2022-05-02,2022-05-02,4.5
"United States","Montana",2022-05-06,4,1,"3",2022-05-02,2022-05-02,2022-05-02,2022-05-02,2022-05-02,2022-05-02,2022-05-02,2022-05-02,2022-05-02,2022-05-02,2021-06-01,2021-06-01,2022-05-02,2022-05-02,2022-05-02,2021-03-30,2022-01-17,2022-05-02,2022-05-02,2022-05-02,4.1875
"United States","North Dakota",2022-05-06,4,10,"112",2022-05-02,2022-05-02,2022-05-02,2022-05-02,2022-05-02,2022-05-02,2022-05-02,2022-05-02,2022-05-02,2022-05-02,-Inf,-Inf,2022-05-02,2022-05-02,2022-05-02,-Inf,2021-10-07,2022-05-02,2022-05-02,2022-05-02,11
"United States","New Jersey",2022-05-06,4,9,"2",2022-05-02,2022-05-02,2022-05-02,2022-05-02,2022-05-02,2022-05-02,2022-05-02,2022-05-02,2022-05-02,2022-05-02,-Inf,-Inf,2022-05-02,2022-05-02,2022-05-02,2020-12-21,2020-12-21,2022-05-02,2022-05-02,2022-05-02,4.125
"United States","New York",2022-05-06,4,0,"0",2022-05-02,2022-05-02,2022-05-02,2022-05-02,2022-05-02,2022-05-02,2022-05-02,2022-05-02,2022-05-02,2022-05-02,2020-11-30,2020-11-30,2022-05-02,2022-05-02,2022-05-02,2020-11-30,2020-11-30,2022-05-02,2022-05-02,2022-05-02,4
"United States","Rhode Island",2022-05-06,4,0,"14",2022-05-02,2022-05-02,2022-05-02,2022-05-02,2022-05-02,2022-05-02,2022-05-02,2022-05-02,2022-05-02,2022-05-02,-Inf,-Inf,2022-05-02,2022-05-02,2022-05-02,-Inf,2022-01-24,2022-05-02,2022-05-02,2022-05-02,4.875
"United States","Tennessee",2022-05-06,4,0,"19",2022-05-02,2022-05-02,2022-05-02,2022-05-02,2022-05-02,2022-05-02,2022-05-02,2022-05-02,2022-05-02,2022-05-02,2021-04-19,2021-04-19,2022-05-02,2022-05-02,2022-05-02,2021-04-19,2022-02-08,2022-05-02,2022-05-02,2022-05-02,5.1875
"United States","Washington",2022-05-06,4,4,"0",2022-05-02,2022-05-02,2022-05-02,2022-05-02,2022-05-02,2022-05-02,2022-05-02,2022-05-02,2022-05-02,2022-05-02,2021-04-05,2021-04-05,2022-05-02,2022-05-02,2022-05-02,2021-08-06,2021-11-03,2022-05-02,2022-05-02,2022-05-02,4
"United States","West Virginia",2022-05-06,4,11,"16",2022-05-02,2022-05-02,2022-05-02,2022-05-02,2022-05-02,2022-05-02,2022-05-02,2022-05-02,2022-05-02,2022-05-02,2021-07-19,2021-07-19,2022-05-02,2022-05-02,2022-05-02,2021-08-16,2022-05-02,2022-05-02,2022-05-02,2022-05-02,5
"United States","Virginia",2022-05-06,3.9375,1,"0",2022-05-02,2022-05-03,2022-05-02,2022-05-02,2022-05-02,2022-05-02,2022-05-02,2022-05-02,2022-05-02,2022-05-02,2021-07-19,2021-07-19,2022-05-02,2022-05-02,2022-05-02,2021-07-19,2022-05-02,2022-05-02,2022-05-02,2022-05-02,3.9375
"United States","Washington DC",2022-05-06,3,0,"0",2022-05-03,2022-05-03,2022-05-03,2022-05-03,2022-05-03,2022-05-03,2022-05-03,2022-05-03,2022-05-03,2022-05-03,2020-11-23,2020-11-23,2022-05-03,2022-05-03,2022-05-03,2020-11-23,2020-11-23,2022-05-03,2022-05-03,2022-05-03,3
"United States","Massachusetts",2022-05-06,3,14,"0",2022-05-03,2022-05-03,2022-05-03,2022-05-03,2022-05-03,2022-05-03,2022-05-03,2022-05-03,2022-05-03,2022-05-03,2021-06-30,2021-06-30,2022-05-03,2022-05-03,2022-05-03,2021-06-14,2021-06-14,2022-05-03,2022-05-03,2022-05-03,3
"United States","Missouri",2022-05-06,3,0,"0",2022-05-03,2022-05-03,2022-05-03,2022-05-03,2022-05-03,2022-05-03,2022-05-03,2022-05-03,2022-05-03,2022-05-03,2020-08-26,-Inf,2022-05-03,2022-05-03,2022-05-03,-Inf,2022-02-28,2022-05-03,2022-05-03,2022-05-03,3
"United States","California",2022-05-06,2,10,"0",2022-05-04,2022-05-04,2022-05-04,2022-05-04,2022-05-04,2022-05-04,2022-05-04,2022-05-04,2022-05-04,2022-05-04,2021-08-01,2021-08-01,2022-05-04,2022-05-04,2022-05-04,2021-08-01,2021-10-25,2022-05-04,2022-05-04,2022-05-04,2
"United States","Hawaii",2022-05-06,2,0,"1",2022-05-04,2022-05-04,2022-05-04,2022-05-04,2022-05-04,2022-05-04,2022-05-04,2022-05-04,2022-05-04,2022-05-04,2021-07-19,2021-07-19,2022-05-04,2022-05-04,2022-05-04,2021-07-19,2021-10-16,2022-05-04,2022-05-04,2022-05-04,2.0625
"United States","New Hampshire",2022-05-06,2,4,"5",2022-05-04,2022-05-04,2022-05-04,2022-05-04,2022-05-04,2022-05-04,2022-05-04,2022-05-04,2022-05-04,2022-05-04,-Inf,-Inf,2022-05-04,2022-05-04,2022-05-04,-Inf,2022-01-18,2022-05-04,2022-05-04,2022-05-04,2.3125
"United States","South Dakota",2022-05-06,2,0,"0",2022-05-04,2022-05-04,2022-05-04,2022-05-04,2022-05-04,2022-05-04,2022-05-04,2022-05-04,2022-05-04,2022-05-04,2021-02-01,2021-02-01,2022-05-04,2022-05-04,2022-05-04,2020-12-07,2022-03-09,2022-05-04,2022-05-04,2022-05-04,2
"United States Virgin Islands","National Government",2022-05-06,33,0,"0",2022-04-03,2022-04-03,2022-04-03,2022-04-03,2022-04-03,2022-04-03,2022-04-03,2022-04-03,2022-04-03,2022-04-03,2021-06-28,2021-06-28,2022-04-03,2022-04-03,2022-04-03,2021-06-28,2022-04-03,2022-04-03,2022-04-03,2022-04-03,33
"Uruguay","National Government",2022-05-06,18,0,"0",2022-04-18,2022-04-18,2022-04-18,2022-04-18,2022-04-18,2022-04-18,2022-04-18,2022-04-18,2022-04-18,2022-04-18,2021-08-16,2021-08-16,2022-04-18,2022-04-18,2022-04-18,2021-08-16,2022-04-18,2022-04-18,2022-04-18,2022-04-18,18
"Uzbekistan","National Government",2022-05-06,19,4,"0",2022-04-17,2022-04-17,2022-04-17,2022-04-17,2022-04-17,2022-04-17,2022-04-17,2022-04-17,2022-04-17,2022-04-17,2021-08-15,2021-08-15,2022-04-17,2022-04-17,2022-04-17,2021-08-15,2022-03-27,2022-04-17,2022-04-17,2022-04-17,19
"Vanuatu","National Government",2022-05-06,4,0,"0",2022-05-02,2022-05-02,2022-05-02,2022-05-02,2022-05-02,2022-05-02,2022-05-02,2022-05-02,2022-05-02,2022-05-02,2021-08-16,2021-08-16,2022-05-02,2022-05-02,2022-05-02,2021-08-16,2022-05-02,2022-05-02,2022-05-02,2022-05-02,4
"Venezuela","National Government",2022-05-06,4,2,"0",2022-05-02,2022-05-02,2022-05-02,2022-05-02,2022-05-02,2022-05-02,2022-05-02,2022-05-02,2022-05-02,2022-05-02,2021-08-15,2021-08-15,2022-05-02,2022-05-02,2022-05-02,2021-08-15,2022-05-02,2022-05-02,2022-05-02,2022-05-02,4
"Vietnam","National Government",2022-05-06,4,3,"0",2022-05-02,2022-05-02,2022-05-02,2022-05-02,2022-05-02,2022-05-02,2022-05-02,2022-05-02,2022-05-02,2022-05-02,2021-08-16,2021-08-16,2022-05-02,2022-05-02,2022-05-02,2021-08-16,2022-05-02,2022-05-02,2022-05-02,2022-05-02,4
"Yemen","National Government",2022-05-06,12,1,"0",2022-04-24,2022-04-24,2022-04-24,2022-04-24,2022-04-24,2022-04-24,2022-04-24,2022-04-24,2022-04-24,2022-04-24,2021-07-19,2021-07-19,2022-04-24,2022-04-24,2022-04-24,2021-07-19,2022-04-24,2022-04-24,2022-04-24,2022-04-24,12
"Zambia","National Government",2022-05-06,25,2,"0",2022-04-11,2022-04-11,2022-04-11,2022-04-11,2022-04-11,2022-04-11,2022-04-11,2022-04-11,2022-04-11,2022-04-11,2021-08-16,2021-08-16,2022-04-11,2022-04-11,2022-04-11,2021-08-16,2022-04-11,2022-04-11,2022-04-11,2022-04-11,25
"Zimbabwe","National Government",2022-05-06,25,0,"0",2022-04-11,2022-04-11,2022-04-11,2022-04-11,2022-04-11,2022-04-11,2022-04-11,2022-04-11,2022-04-11,2022-04-11,2021-08-15,2021-08-15,2022-04-11,2022-04-11,2022-04-11,2021-08-15,2022-04-11,2022-04-11,2022-04-11,2022-04-11,25
